Date,SP500,Dividend,Earnings,Consumer Price Index,Long Interest Rate,Real Price,Real Dividend,Real Earnings,PE10
1871-01-01,4.44,0.26,0.4,12.46406,5.32,118.64892,6.94791,10.68909,0.0
1871-02-01,4.5,0.26,0.4,12.84464,5.32333,116.68927,6.74205,10.37238,0.0
1871-03-01,4.61,0.26,0.4,13.03497,5.32667,117.79619,6.6436,10.22093,0.0
1871-04-01,4.74,0.26,0.4,12.55923,5.33,125.70596,6.89526,10.6081,0.0
1871-05-01,4.86,0.26,0.4,12.27381,5.33333,131.88555,7.05561,10.85478,0.0
1871-06-01,4.82,0.26,0.4,12.08348,5.33667,132.86035,7.16674,11.02575,0.0
1871-07-01,4.73,0.26,0.4,12.08348,5.34,130.37955,7.16674,11.02575,0.0
1871-08-01,4.79,0.26,0.4,11.89323,5.34333,134.14548,7.28138,11.20213,0.0
1871-09-01,4.84,0.26,0.4,12.17865,5.34667,132.36914,7.11074,10.9396,0.0
1871-10-01,4.59,0.26,0.4,12.3689,5.35,123.60105,7.00137,10.77133,0.0
1871-11-01,4.64,0.26,0.4,12.3689,5.35333,124.94747,7.00137,10.77133,0.0
1871-12-01,4.74,0.26,0.4,12.65439,5.35667,124.76061,6.84341,10.52832,0.0
1872-01-01,4.86,0.2633,0.4025,12.65439,5.36,127.9191,6.93027,10.59412,0.0
1872-02-01,4.88,0.2667,0.405,12.65439,5.37833,128.44552,7.01976,10.65993,0.0
1872-03-01,5.04,0.27,0.4075,12.84464,5.39667,130.69199,7.00136,10.56686,0.0
1872-04-01,5.18,0.2733,0.41,13.13014,5.415,131.40168,6.93283,10.40052,0.0
1872-05-01,5.18,0.2767,0.4125,13.13014,5.43333,131.40168,7.01908,10.46394,0.0
1872-06-01,5.13,0.28,0.415,13.03497,5.45167,131.08339,7.15465,10.60421,0.0
1872-07-01,5.1,0.2833,0.4175,12.84464,5.47,132.24784,7.34624,10.82617,0.0
1872-08-01,5.04,0.2867,0.42,12.93981,5.48833,129.73082,7.37973,10.8109,0.0
1872-09-01,4.95,0.29,0.4225,13.03497,5.50667,126.48398,7.41017,10.79585,0.0
1872-10-01,4.97,0.2933,0.425,12.74948,5.525,129.83879,7.66232,11.10291,0.0
1872-11-01,4.95,0.2967,0.4275,13.13014,5.54333,125.56724,7.52642,10.84444,0.0
1872-12-01,5.07,0.3,0.43,12.93981,5.56167,130.50303,7.72207,11.0683,0.0
1873-01-01,5.11,0.3025,0.4325,12.93981,5.58,131.53264,7.78642,11.13265,0.0
1873-02-01,5.15,0.305,0.435,13.22522,5.57083,129.70141,7.68135,10.95536,0.0
1873-03-01,5.11,0.3075,0.4375,13.22522,5.56167,128.69402,7.74431,11.01832,0.0
1873-04-01,5.04,0.31,0.44,13.22522,5.5525,126.93108,7.80727,11.08129,0.0
1873-05-01,5.05,0.3125,0.4425,12.93981,5.54333,129.98822,8.04383,11.39006,0.0
1873-06-01,4.98,0.315,0.445,12.55923,5.53417,132.07082,8.35388,11.80151,0.0
1873-07-01,4.97,0.3175,0.4475,12.55923,5.525,131.80561,8.42018,11.86781,0.0
1873-08-01,4.97,0.32,0.45,12.55923,5.51583,131.80561,8.48648,11.93411,0.0
1873-09-01,4.59,0.3225,0.4525,12.55923,5.50667,121.72792,8.55278,12.00041,0.0
1873-10-01,4.19,0.325,0.455,12.27381,5.4975,113.7038,8.81951,12.34731,0.0
1873-11-01,4.04,0.3275,0.4575,11.89323,5.48833,113.14149,9.17174,12.81243,0.0
1873-12-01,4.42,0.33,0.46,12.17865,5.47917,120.88256,9.02517,12.58054,0.0
1874-01-01,4.66,0.33,0.46,12.3689,5.47,125.48603,8.88635,12.38703,0.0
1874-02-01,4.8,0.33,0.46,12.3689,5.43667,129.256,8.88635,12.38703,0.0
1874-03-01,4.73,0.33,0.46,12.3689,5.40333,127.37102,8.88635,12.38703,0.0
1874-04-01,4.6,0.33,0.46,12.17865,5.37,125.80538,9.02517,12.58054,0.0
1874-05-01,4.48,0.33,0.46,12.08348,5.33667,123.48846,9.09625,12.67962,0.0
1874-06-01,4.46,0.33,0.46,11.79807,5.30333,125.91122,9.3163,12.98636,0.0
1874-07-01,4.46,0.33,0.46,11.89323,5.27,124.90373,9.24176,12.88245,0.0
1874-08-01,4.47,0.33,0.46,11.79807,5.23667,126.19353,9.3163,12.98636,0.0
1874-09-01,4.54,0.33,0.46,11.79807,5.20333,128.16972,9.3163,12.98636,0.0
1874-10-01,4.53,0.33,0.46,11.60774,5.17,129.98436,9.46906,13.19929,0.0
1874-11-01,4.57,0.33,0.46,11.51265,5.13667,132.21516,9.54727,13.30831,0.0
1874-12-01,4.54,0.33,0.46,11.51265,5.10333,131.34723,9.54727,13.30831,0.0
1875-01-01,4.54,0.3275,0.4517,11.51265,5.07,131.34723,9.47494,13.06818,0.0
1875-02-01,4.53,0.325,0.4433,11.51265,5.03,131.05792,9.40261,12.82516,0.0
1875-03-01,4.59,0.3225,0.435,11.51265,4.99,132.79378,9.33028,12.58503,0.0
1875-04-01,4.65,0.32,0.4267,11.60774,4.95,133.42766,9.18212,12.24378,0.0
1875-05-01,4.47,0.3175,0.4183,11.32232,4.91,131.49598,9.34004,12.30532,0.0
1875-06-01,4.38,0.315,0.41,11.13207,4.87,131.05046,9.42486,12.26728,0.0
1875-07-01,4.39,0.3125,0.4017,11.13207,4.83,131.34966,9.35006,12.01894,0.0
1875-08-01,4.41,0.31,0.3933,11.22716,4.79,130.83058,9.19671,11.66795,0.0
1875-09-01,4.37,0.3075,0.385,11.13207,4.75,130.75126,9.20046,11.51928,0.0
1875-10-01,4.3,0.305,0.3767,11.13207,4.71,128.65684,9.12566,11.27094,0.0
1875-11-01,4.37,0.3025,0.3683,11.03691,4.67,131.87865,9.1289,11.11462,0.0
1875-12-01,4.37,0.3,0.36,10.94174,4.63,133.02566,9.1322,10.95864,0.0
1876-01-01,4.46,0.3,0.3533,10.84658,4.59,136.9565,9.21232,10.84904,0.0
1876-02-01,4.52,0.3,0.3467,10.84658,4.57833,138.79896,9.21232,10.64637,0.0
1876-03-01,4.51,0.3,0.34,10.84658,4.56667,138.49188,9.21232,10.44063,0.0
1876-04-01,4.34,0.3,0.3333,10.75149,4.555,134.4502,9.29379,10.3254,0.0
1876-05-01,4.18,0.3,0.3267,10.37091,4.54333,134.24552,9.63485,10.49235,0.0
1876-06-01,4.15,0.3,0.32,10.08541,4.53167,137.05495,9.90759,10.56809,0.0
1876-07-01,4.1,0.3,0.3133,10.08541,4.52,135.40369,9.90759,10.34682,0.0
1876-08-01,3.93,0.3,0.3067,10.18058,4.50833,128.57615,9.81497,10.03417,0.0
1876-09-01,3.69,0.3,0.3,10.27575,4.49667,119.60613,9.72408,9.72408,0.0
1876-10-01,3.67,0.3,0.2933,10.466,4.485,116.79546,9.54731,9.33409,0.0
1876-11-01,3.6,0.3,0.2867,10.56116,4.47333,113.53539,9.46128,9.04183,0.0
1876-12-01,3.58,0.3,0.28,10.75149,4.46167,110.90592,9.29379,8.67421,0.0
1877-01-01,3.55,0.2908,0.2817,10.94174,4.45,108.06433,8.85214,8.57513,0.0
1877-02-01,3.34,0.2817,0.2833,10.65633,4.44083,104.39493,8.80481,8.85482,0.0
1877-03-01,3.17,0.2725,0.285,10.18058,4.43167,103.71155,8.91527,9.32422,0.0
1877-04-01,2.94,0.2633,0.2867,10.466,4.4225,93.56366,8.37936,9.12405,0.0
1877-05-01,2.94,0.2542,0.2883,10.65633,4.41333,91.89254,7.94527,9.01109,0.0
1877-06-01,2.73,0.245,0.29,10.08541,4.40417,90.15904,8.0912,9.57733,0.0
1877-07-01,2.85,0.2358,0.2917,10.18058,4.395,93.24225,7.71457,9.54343,0.0
1877-08-01,3.05,0.2267,0.2933,9.8,4.38583,103.66071,7.70488,9.96842,0.0
1877-09-01,3.24,0.2175,0.295,9.70483,4.37667,111.19808,7.46469,10.12452,0.0
1877-10-01,3.31,0.2083,0.2967,9.70483,4.3675,113.6005,7.14894,10.18286,0.0
1877-11-01,3.26,0.1992,0.2983,9.51459,4.35833,114.12168,6.97332,10.44248,0.0
1877-12-01,3.25,0.19,0.3,9.51459,4.34917,113.77161,6.65126,10.50199,0.0
1878-01-01,3.25,0.1892,0.3008,9.22909,4.34,117.29106,6.82814,10.85574,0.0
1878-02-01,3.18,0.1883,0.3017,9.134,4.33,115.95949,6.86641,11.00157,0.0
1878-03-01,3.24,0.1875,0.3025,8.94367,4.32,120.6617,6.98274,11.26548,0.0
1878-04-01,3.33,0.1867,0.3033,8.84851,4.31,125.34717,7.02772,11.41676,0.0
1878-05-01,3.34,0.1858,0.3042,8.56309,4.3,129.91406,7.22696,11.83229,0.0
1878-06-01,3.41,0.185,0.305,8.37284,4.29,135.65061,7.35934,12.13297,0.0
1878-07-01,3.48,0.1842,0.3058,8.46793,4.28,136.88077,7.24524,12.0282,0.0
1878-08-01,3.45,0.1833,0.3067,8.56309,4.27,134.19267,7.12971,11.92953,0.0
1878-09-01,3.52,0.1825,0.3075,8.56309,4.26,136.91542,7.0986,11.96065,0.0
1878-10-01,3.48,0.1817,0.3083,8.46793,4.25,136.88077,7.14691,12.12654,0.0
1878-11-01,3.47,0.1808,0.3092,8.37284,4.24,138.03743,7.19227,12.30005,0.0
1878-12-01,3.45,0.18,0.31,8.18251,4.23,140.43415,7.327,12.61872,0.0
1879-01-01,3.58,0.1817,0.3158,8.27768,4.22,144.05052,7.31117,12.70703,0.0
1879-02-01,3.71,0.1833,0.3217,8.37284,4.20333,147.58468,7.29172,12.7973,0.0
1879-03-01,3.65,0.185,0.3275,8.27768,4.18667,146.86715,7.44395,13.17781,0.0
1879-04-01,3.77,0.1867,0.3333,8.18251,4.17,153.45993,7.59973,13.56716,0.0
1879-05-01,3.94,0.1883,0.3392,8.18251,4.15333,160.37987,7.66486,13.80732,0.0
1879-06-01,3.96,0.19,0.345,8.08738,4.13667,163.09013,7.82503,14.20861,0.0
1879-07-01,4.04,0.1917,0.3508,8.18251,4.12,164.45043,7.80325,14.27951,0.0
1879-08-01,4.07,0.1933,0.3567,8.18251,4.10333,165.6716,7.86838,14.51967,0.0
1879-09-01,4.22,0.195,0.3625,8.46793,4.08667,165.9876,7.67004,14.25841,0.0
1879-10-01,4.68,0.1967,0.3683,8.94367,4.07,174.28912,7.32536,13.71596,0.0
1879-11-01,4.93,0.1983,0.3742,9.41942,4.05333,174.3264,7.01195,13.23183,0.0
1879-12-01,4.92,0.2,0.38,9.70483,4.03667,168.85634,6.86408,13.04175,0.0
1880-01-01,5.11,0.205,0.3892,9.99033,4.02,170.36542,6.83462,12.97578,0.0
1880-02-01,5.2,0.21,0.3983,9.99033,3.99333,173.36598,7.00132,13.27917,0.0
1880-03-01,5.3,0.215,0.4075,10.08541,3.96667,175.03404,7.10044,13.45781,0.0
1880-04-01,5.18,0.22,0.4167,9.70483,3.94,177.77964,7.55049,14.30131,0.0
1880-05-01,4.77,0.225,0.4258,9.41942,3.91333,168.66875,7.95607,15.05643,0.0
1880-06-01,4.79,0.23,0.435,9.22909,3.88667,172.86898,8.3006,15.69896,0.0
1880-07-01,5.01,0.235,0.4442,9.22909,3.86,180.80868,8.48105,16.03098,0.0
1880-08-01,5.19,0.24,0.4533,9.22909,3.83333,187.3048,8.66149,16.3594,0.0
1880-09-01,5.18,0.245,0.4625,9.32425,3.80667,185.03592,8.7517,16.52106,0.0
1880-10-01,5.33,0.25,0.4717,9.32425,3.78,190.3941,8.93031,16.8497,0.0
1880-11-01,5.61,0.255,0.4808,9.41942,3.75333,198.37143,9.01688,17.00124,0.0
1880-12-01,5.84,0.26,0.49,9.51459,3.72667,204.43884,9.10173,17.15326,0.0
1881-01-01,6.19,0.265,0.4858,9.41942,3.7,218.88041,9.37049,17.17805,18.47395
1881-02-01,6.17,0.27,0.4817,9.51459,3.69333,215.99103,9.4518,16.8627,18.14726
1881-03-01,6.24,0.275,0.4775,9.51459,3.68667,218.4415,9.62683,16.71568,18.27012
1881-04-01,6.22,0.28,0.4733,9.60967,3.68,215.58689,9.70488,16.40471,17.95011
1881-05-01,6.5,0.285,0.4692,9.51459,3.67333,227.54322,9.9769,16.42512,18.86972
1881-06-01,6.58,0.29,0.465,9.51459,3.66667,230.34376,10.15193,16.27809,19.02871
1881-07-01,6.35,0.295,0.4608,9.60967,3.66,220.09272,10.22478,15.97145,18.11637
1881-08-01,6.2,0.3,0.4567,9.8,3.65333,210.72013,10.19614,15.52192,17.28624
1881-09-01,6.25,0.305,0.4525,10.18058,3.64667,204.47862,9.97856,14.80425,16.72484
1881-10-01,6.15,0.31,0.4483,10.27575,3.64,199.34355,10.04821,14.53101,16.26199
1881-11-01,6.19,0.315,0.4442,10.18058,3.63333,202.51562,10.30572,14.5327,16.47864
1881-12-01,6.01,0.32,0.44,10.18058,3.62667,196.62664,10.46931,14.39529,15.95875
1882-01-01,5.92,0.32,0.4392,10.18058,3.62,193.68214,10.46931,14.36912,15.67876
1882-02-01,5.79,0.32,0.4383,10.27575,3.62083,187.67466,10.37235,14.20687,15.15386
1882-03-01,5.78,0.32,0.4375,10.27575,3.62167,187.35052,10.37235,14.18094,15.09167
1882-04-01,5.78,0.32,0.4367,10.37091,3.6225,185.63136,10.27717,14.02512,14.917
1882-05-01,5.71,0.32,0.4358,10.466,3.62333,181.71718,10.1838,13.86906,14.5671
1882-06-01,5.68,0.32,0.435,10.56116,3.62417,179.13362,10.09204,13.71886,14.3274
1882-07-01,6,0.32,0.4342,10.466,3.625,190.94625,10.1838,13.81814,15.24056
1882-08-01,6.18,0.32,0.4333,10.56116,3.62583,194.90243,10.09204,13.66525,15.52543
1882-09-01,6.24,0.32,0.4325,10.27575,3.62667,202.26077,10.37235,14.01888,16.08111
1882-10-01,6.07,0.32,0.4317,10.18058,3.6275,198.58963,10.46931,14.12375,15.75558
1882-11-01,5.81,0.32,0.4308,10.08541,3.62833,191.87693,10.56809,14.22729,15.19267
1882-12-01,5.84,0.32,0.43,9.99033,3.62917,194.70334,10.66868,14.33603,15.38213
1883-01-01,5.81,0.3208,0.4275,9.99033,3.63,193.70315,10.69535,14.25268,15.27026
1883-02-01,5.68,0.3217,0.425,10.08541,3.62917,187.58365,10.62424,14.03575,14.75759
1883-03-01,5.75,0.3225,0.4225,9.99033,3.62833,191.70277,10.75203,14.08599,15.05125
1883-04-01,5.87,0.3233,0.42,9.89517,3.6275,197.58567,10.88236,14.13731,15.48207
1883-05-01,5.77,0.3242,0.4175,9.8,3.62667,196.10567,11.01862,14.18962,15.3355
1883-06-01,5.82,0.325,0.415,9.51459,3.62583,203.7387,11.37716,14.52776,15.90339
1883-07-01,5.73,0.3258,0.4125,9.32425,3.625,204.68259,11.63797,14.735,15.94878
1883-08-01,5.47,0.3267,0.41,9.32425,3.62417,195.39507,11.67012,14.6457,15.19681
1883-09-01,5.53,0.3275,0.4075,9.22909,3.62333,199.57525,11.81933,14.70649,15.49469
1883-10-01,5.38,0.3283,0.405,9.22909,3.6225,194.16182,11.8482,14.61627,15.04806
1883-11-01,5.46,0.3292,0.4025,9.134,3.62167,199.10025,12.00436,14.67726,15.40822
1883-12-01,5.34,0.33,0.4,9.22909,3.62083,192.71824,11.90955,14.43582,14.8964
1884-01-01,5.18,0.3283,0.3925,9.22909,3.62,186.94391,11.8482,14.16515,14.43282
1884-02-01,5.32,0.3267,0.385,9.22909,3.61167,191.99645,11.79046,13.89448,14.80596
1884-03-01,5.3,0.325,0.3775,9.22909,3.60333,191.27466,11.72911,13.62381,14.73602
1884-04-01,5.06,0.3233,0.37,9.03884,3.595,186.45681,11.91334,13.63419,14.35345
1884-05-01,4.65,0.3217,0.3625,8.84851,3.58667,175.03434,12.10936,13.64515,13.46505
1884-06-01,4.46,0.32,0.355,8.84851,3.57833,167.8824,12.04537,13.36284,12.90688
1884-07-01,4.46,0.3183,0.3475,8.75342,3.57,169.70602,12.11153,13.22261,13.04393
1884-08-01,4.74,0.3167,0.34,8.75342,3.56167,180.36021,12.05065,12.93723,13.85981
1884-09-01,4.59,0.315,0.3325,8.65826,3.55333,176.57227,12.1177,12.79091,13.56915
1884-10-01,4.44,0.3133,0.325,8.56309,3.545,172.70013,12.18625,12.64134,13.27325
1884-11-01,4.35,0.3117,0.3175,8.37284,3.53667,173.04403,12.3995,12.63023,13.30444
1884-12-01,4.34,0.31,0.31,8.27768,3.52833,174.63108,12.47365,12.47365,13.43229
1885-01-01,4.24,0.3042,0.3067,8.27768,3.52,170.60732,12.24027,12.34086,13.12982
1885-02-01,4.37,0.2983,0.3033,8.37284,3.5075,173.83964,11.86644,12.06535,13.38482
1885-03-01,4.38,0.2925,0.3,8.18251,3.495,178.29032,11.90637,12.21167,13.73419
1885-04-01,4.37,0.2867,0.2967,8.27768,3.4825,175.83821,11.53611,11.93849,13.54855
1885-05-01,4.32,0.2808,0.2933,8.08738,3.47,177.91651,11.56457,12.07938,13.71137
1885-06-01,4.3,0.275,0.29,7.89709,3.4575,181.36009,11.59861,12.23126,13.97878
1885-07-01,4.46,0.2692,0.2867,7.99223,3.445,185.86909,11.21883,11.94813,14.32666
1885-08-01,4.71,0.2633,0.2833,7.99223,3.4325,196.28776,10.97294,11.80644,15.13041
1885-09-01,4.65,0.2575,0.28,7.89709,3.42,196.12195,10.86052,11.80949,15.11629
1885-10-01,4.92,0.2517,0.2767,7.89709,3.4075,207.50968,10.61589,11.67031,15.99102
1885-11-01,5.24,0.2458,0.2733,7.99223,3.395,218.37535,10.24364,11.38969,16.82403
1885-12-01,5.2,0.24,0.27,8.18251,3.3825,211.66887,9.76933,10.9905,16.30448
1886-01-01,5.2,0.2383,0.275,7.99223,3.37,216.70836,9.93108,11.46054,16.69232
1886-02-01,5.3,0.2367,0.28,7.99223,3.3825,220.87583,9.8644,11.66891,17.00665
1886-03-01,5.19,0.235,0.285,7.89709,3.395,218.89741,9.91154,12.02038,16.84327
1886-04-01,5.12,0.2333,0.29,7.80194,3.4075,218.57861,9.95984,12.38043,16.80172
1886-05-01,5.02,0.2317,0.295,7.61165,3.42,219.6672,10.13882,12.90873,16.8632
1886-06-01,5.25,0.23,0.3,7.5165,3.4325,232.63973,10.19184,13.2937,17.83149
1886-07-01,5.33,0.2283,0.305,7.61165,3.445,233.2323,9.99004,13.34631,17.84585
1886-08-01,5.37,0.2267,0.31,7.70679,3.4575,232.08176,9.79757,13.39764,17.72391
1886-09-01,5.51,0.225,0.315,7.70679,3.47,238.13231,9.7241,13.61373,18.14714
1886-10-01,5.65,0.2233,0.32,7.70679,3.4825,244.18285,9.65063,13.82983,18.56238
1886-11-01,5.79,0.2217,0.325,7.70679,3.495,250.2334,9.58148,14.04592,18.96831
1886-12-01,5.64,0.22,0.33,7.80194,3.5075,240.778,9.39205,14.08807,18.19406
1887-01-01,5.58,0.2225,0.3325,7.99223,3.52,232.54474,9.27262,13.85683,17.51222
1887-02-01,5.54,0.225,0.335,8.08738,3.5325,228.16145,9.26648,13.79677,17.12537
1887-03-01,5.67,0.2275,0.3375,8.08738,3.545,233.51541,9.36945,13.89973,17.47321
1887-04-01,5.8,0.23,0.34,8.08738,3.5575,238.86938,9.47241,14.00269,17.82298
1887-05-01,5.9,0.2325,0.3425,8.08738,3.57,242.98782,9.57537,14.10565,18.07545
1887-06-01,5.73,0.235,0.345,7.99223,3.5825,238.79594,9.79355,14.37777,17.7077
1887-07-01,5.59,0.2375,0.3475,7.89709,3.595,235.76811,10.01698,14.65643,17.43146
1887-08-01,5.45,0.24,0.35,7.99223,3.6075,227.12703,10.00192,14.58614,16.73985
1887-09-01,5.38,0.2425,0.3525,7.89709,3.62,226.91099,10.22787,14.86731,16.67663
1887-10-01,5.2,0.245,0.355,7.99223,3.6325,216.70836,10.2103,14.79451,15.88067
1887-11-01,5.3,0.2475,0.3575,8.08738,3.645,218.2772,10.19313,14.72341,15.95071
1887-12-01,5.27,0.25,0.36,8.27768,3.6575,212.05202,10.05939,14.48553,15.45551
1888-01-01,5.31,0.2483,0.3517,8.37284,3.67,211.23306,9.87743,13.99071,15.35866
1888-02-01,5.28,0.2467,0.3433,8.27768,3.65167,212.4544,9.92661,13.81356,15.41818
1888-03-01,5.08,0.245,0.335,8.27768,3.63333,204.40689,9.85821,13.47959,14.80897
1888-04-01,5.1,0.2433,0.3267,8.18251,3.615,207.59831,9.90366,13.2985,15.02011
1888-05-01,5.17,0.2417,0.3183,8.08738,3.59667,212.92323,9.95426,13.10899,15.38792
1888-06-01,5.01,0.24,0.31,7.99223,3.57833,208.79017,10.00192,12.91915,15.07763
1888-07-01,5.14,0.2383,0.3017,8.08738,3.56,211.68769,9.81424,12.42533,15.27964
1888-08-01,5.25,0.2367,0.2933,8.08738,3.54167,216.21798,9.74834,12.07938,15.60291
1888-09-01,5.38,0.235,0.285,8.08738,3.52333,221.57195,9.67833,11.73755,15.98783
1888-10-01,5.35,0.2333,0.2767,8.18251,3.505,217.7747,9.49661,11.26323,15.71594
1888-11-01,5.24,0.2317,0.2683,8.27768,3.48667,210.8449,9.32305,10.79574,15.22375
1888-12-01,5.14,0.23,0.26,8.27768,3.46833,206.82114,9.25464,10.46177,14.94675
1889-01-01,5.24,0.2292,0.2633,7.99223,3.45,218.37535,9.55184,10.97294,15.80229
1889-02-01,5.3,0.2283,0.2667,7.89709,3.4475,223.53685,9.62896,11.24854,16.19272
1889-03-01,5.19,0.2275,0.27,7.80194,3.445,221.56699,9.71223,11.52661,16.06505
1889-04-01,5.18,0.2267,0.2733,7.80194,3.4425,221.14007,9.67808,11.66749,16.0501
1889-05-01,5.32,0.2258,0.2767,7.61165,3.44,232.79472,9.88065,12.10795,16.91542
1889-06-01,5.41,0.225,0.28,7.61165,3.4375,236.73297,9.84564,12.25235,17.2193
1889-07-01,5.3,0.2242,0.2833,7.61165,3.435,231.91955,9.81063,12.39676,16.88921
1889-08-01,5.37,0.2233,0.2867,7.61165,3.4325,234.98264,9.77125,12.54553,17.13185
1889-09-01,5.5,0.2225,0.29,7.70679,3.43,237.70012,9.61605,12.53328,17.35079
1889-10-01,5.4,0.2217,0.2933,7.70679,3.4275,233.3783,9.58148,12.6759,17.05321
1889-11-01,5.35,0.2208,0.2967,7.70679,3.425,231.21739,9.54258,12.82284,16.90602
1889-12-01,5.32,0.22,0.3,7.80194,3.4225,227.11683,9.39205,12.80734,16.61034
1890-01-01,5.38,0.22,0.2992,7.61165,3.42,235.42022,9.62685,13.09251,17.22007
1890-02-01,5.32,0.22,0.2983,7.61165,3.43667,232.79472,9.62685,13.05313,17.02681
1890-03-01,5.28,0.22,0.2975,7.61165,3.45333,231.04438,9.62685,13.01813,16.90112
1890-04-01,5.39,0.22,0.2967,7.61165,3.47,235.85781,9.62685,12.98312,17.25785
1890-05-01,5.62,0.22,0.2958,7.70679,3.48667,242.88631,9.508,12.78394,17.78643
1890-06-01,5.58,0.22,0.295,7.70679,3.50333,241.15758,9.508,12.74937,17.68436
1890-07-01,5.54,0.22,0.2942,7.70679,3.52,239.42885,9.508,12.7148,17.5893
1890-08-01,5.41,0.22,0.2933,7.99223,3.53667,225.46004,9.16843,12.22318,16.59679
1890-09-01,5.32,0.22,0.2925,8.08738,3.55333,219.10088,9.06056,12.04643,16.1697
1890-10-01,5.08,0.22,0.2917,8.08738,3.57,209.21663,9.06056,12.01348,15.48285
1890-11-01,4.71,0.22,0.2908,7.89709,3.58667,198.65256,9.27889,12.265,14.74504
1890-12-01,4.6,0.22,0.29,7.89709,3.60333,194.01312,9.27889,12.23126,14.44299
1891-01-01,4.84,0.22,0.2942,7.80194,3.62,206.62509,9.39205,12.55973,15.42898
1891-02-01,4.9,0.22,0.2983,7.89709,3.61833,206.66615,9.27889,12.58133,15.47652
1891-03-01,4.81,0.22,0.3025,7.99223,3.61667,200.45523,9.16843,12.60659,15.05162
1891-04-01,4.97,0.22,0.3067,8.08738,3.615,204.68635,9.06056,12.63125,15.40895
1891-05-01,4.95,0.22,0.3108,7.99223,3.61333,206.28969,9.16843,12.95249,15.5665
1891-06-01,4.85,0.22,0.315,7.80194,3.61167,207.052,9.39205,13.44771,15.65821
1891-07-01,4.77,0.22,0.3192,7.70679,3.61,206.15083,9.508,13.79525,15.61792
1891-08-01,4.93,0.22,0.3233,7.70679,3.60833,213.06575,9.508,13.97245,16.164
1891-09-01,5.33,0.22,0.3275,7.61165,3.60667,233.2323,9.62685,14.33088,17.71126
1891-10-01,5.33,0.22,0.3317,7.61165,3.605,233.2323,9.62685,14.51466,17.71657
1891-11-01,5.25,0.22,0.3358,7.5165,3.60333,232.63973,9.74871,14.88008,17.67174
1891-12-01,5.41,0.22,0.34,7.5165,3.60167,239.7297,9.74871,15.06619,18.2063
1892-01-01,5.51,0.2217,0.3425,7.32621,3.6,250.50274,10.07921,15.57118,19.01639
1892-02-01,5.52,0.2233,0.345,7.32621,3.6125,250.95737,10.15195,15.68484,19.03643
1892-03-01,5.58,0.225,0.3475,7.13592,3.625,260.45007,10.50202,16.21978,19.73805
1892-04-01,5.57,0.2267,0.35,7.04077,3.6375,263.49673,10.72436,16.55724,19.94327
1892-05-01,5.57,0.2283,0.3525,7.04077,3.65,263.49673,10.80005,16.67551,19.91147
1892-06-01,5.54,0.23,0.355,7.04077,3.6625,262.07753,10.88048,16.79378,19.76928
1892-07-01,5.54,0.2317,0.3575,7.23107,3.675,255.18051,10.67244,16.46697,19.21189
1892-08-01,5.62,0.2333,0.36,7.32621,3.6875,255.5037,10.60659,16.36679,19.2043
1892-09-01,5.48,0.235,0.3625,7.32621,3.7,249.13884,10.68387,16.48044,18.69427
1892-10-01,5.59,0.2367,0.365,7.32621,3.7125,254.1398,10.76116,16.5941,19.04021
1892-11-01,5.57,0.2383,0.3675,7.5165,3.725,246.81968,10.55963,16.28478,18.46331
1892-12-01,5.51,0.24,0.37,7.61165,3.7375,241.10881,10.50202,16.19061,18.01301
1893-01-01,5.61,0.2408,0.3608,7.89709,3.75,236.61165,10.15616,15.21738,17.65664
1893-02-01,5.51,0.2417,0.3517,7.99223,3.74583,229.62751,10.07277,14.65699,17.12519
1893-03-01,5.31,0.2425,0.3425,7.80194,3.74167,226.68992,10.3526,14.62171,16.89959
1893-04-01,5.31,0.2433,0.3333,7.70679,3.7375,229.48867,10.51499,14.40463,17.10254
1893-05-01,4.84,0.2442,0.3242,7.61165,3.73333,211.79068,10.6858,14.18648,15.78099
1893-06-01,4.61,0.245,0.315,7.42136,3.72917,206.89868,10.9957,14.13733,15.4165
1893-07-01,4.18,0.2458,0.3058,7.23107,3.725,192.53692,11.32191,14.0856,14.34985
1893-08-01,4.08,0.2467,0.2967,6.94563,3.72083,195.65402,11.83035,14.22808,14.58806
1893-09-01,4.37,0.2475,0.2875,7.23107,3.71667,201.2886,11.40021,13.24267,15.01207
1893-10-01,4.5,0.2483,0.2783,7.32621,3.7125,204.58481,11.28854,12.65243,15.27179
1893-11-01,4.57,0.2492,0.2692,7.13592,3.70833,213.30767,11.63157,12.56508,15.94241
1893-12-01,4.41,0.25,0.26,7.04077,3.70417,208.62129,11.8266,12.29967,15.61269
1894-01-01,4.32,0.2467,0.2517,6.85048,3.7,210.04045,11.99467,12.23777,15.73987
1894-02-01,4.38,0.2433,0.2433,6.75534,3.68,215.95693,11.99596,11.99596,16.20274
1894-03-01,4.51,0.24,0.235,6.56505,3.66,228.81198,12.17625,11.92258,17.18762
1894-04-01,4.57,0.2367,0.2267,6.56505,3.64,231.85604,12.00882,11.50148,17.43485
1894-05-01,4.4,0.2333,0.2183,6.56505,3.62,223.2312,11.83633,11.07531,16.80875
1894-06-01,4.34,0.23,0.21,6.56505,3.6,220.18713,11.6689,10.65422,16.60632
1894-07-01,4.25,0.2267,0.2017,6.56505,3.58,215.62104,11.50148,10.23312,16.28968
1894-08-01,4.41,0.2233,0.1933,6.75534,3.56,217.43609,11.00986,9.5307,16.45778
1894-09-01,4.48,0.22,0.185,6.85048,3.54,217.81972,10.6965,8.99479,16.52232
1894-10-01,4.34,0.2167,0.1767,6.66019,3.52,217.04176,10.83708,8.8367,16.5029
1894-11-01,4.34,0.2133,0.1683,6.66019,3.5,217.04176,10.66705,8.41662,16.54278
1894-12-01,4.3,0.21,0.16,6.56505,3.48,218.15776,10.65422,8.1175,16.67247
1895-01-01,4.25,0.2083,0.1675,6.56505,3.46,215.62104,10.56797,8.49801,16.52444
1895-02-01,4.19,0.2067,0.175,6.56505,3.47167,212.57698,10.48679,8.87851,16.33124
1895-03-01,4.19,0.205,0.1825,6.56505,3.48333,212.57698,10.40054,9.25902,16.36463
1895-04-01,4.37,0.2033,0.19,6.85048,3.495,212.47147,9.88454,9.23789,16.38754
1895-05-01,4.61,0.2017,0.1975,6.94563,3.50667,221.06986,9.67241,9.471,17.08037
1895-06-01,4.7,0.2,0.205,7.04077,3.51833,222.34015,9.46128,9.69781,17.20741
1895-07-01,4.72,0.1983,0.2125,6.94563,3.53,226.34484,9.50936,10.19031,17.54601
1895-08-01,4.79,0.1967,0.22,6.85048,3.54167,232.89207,9.56365,10.6965,18.07407
1895-09-01,4.82,0.195,0.2275,6.85048,3.55333,234.35068,9.48099,11.06116,18.20034
1895-10-01,4.75,0.1933,0.235,6.85048,3.565,230.94725,9.39834,11.42581,17.94471
1895-11-01,4.59,0.1917,0.2425,6.85048,3.57667,223.16797,9.32054,11.79046,17.343
1895-12-01,4.32,0.19,0.25,6.75534,3.58833,212.99862,9.36799,12.32631,16.54842
1896-01-01,4.27,0.1892,0.2467,6.66019,3.6,213.54108,9.46182,12.33737,16.57622
1896-02-01,4.45,0.1883,0.2433,6.56505,3.58333,225.76791,9.55328,12.34367,17.5154
1896-03-01,4.38,0.1875,0.24,6.56505,3.56667,222.21651,9.51269,12.17625,17.23236
1896-04-01,4.42,0.1867,0.2367,6.4699,3.55,227.54374,9.61141,12.18543,17.6437
1896-05-01,4.4,0.1858,0.2333,6.37475,3.53333,229.89506,9.70784,12.18966,17.82827
1896-06-01,4.32,0.185,0.23,6.27961,3.51667,229.13491,9.81249,12.19931,17.77758
1896-07-01,4.04,0.1842,0.2267,6.27961,3.5,214.28357,9.77006,12.02428,16.6371
1896-08-01,3.81,0.1833,0.2233,6.27961,3.48333,202.08426,9.72232,11.84394,15.70337
1896-09-01,4.01,0.1825,0.22,6.27961,3.46667,212.69236,9.67989,11.66891,16.54434
1896-10-01,4.1,0.1817,0.2167,6.4699,3.45,211.06998,9.354,11.15582,16.43887
1896-11-01,4.38,0.1808,0.2133,6.66019,3.43333,219.04214,9.04174,10.66705,17.08943
1896-12-01,4.22,0.18,0.21,6.66019,3.41667,211.0406,9.00173,10.50202,16.5014
1897-01-01,4.22,0.18,0.2183,6.4699,3.4,217.24764,9.26649,11.23819,17.02652
1897-02-01,4.18,0.18,0.2267,6.4699,3.39583,215.18842,9.26649,11.67063,16.89403
1897-03-01,4.19,0.18,0.235,6.4699,3.39167,215.70323,9.26649,12.09791,16.95803
1897-04-01,4.06,0.18,0.2433,6.37475,3.3875,212.13044,9.4048,12.71215,16.69686
1897-05-01,4.08,0.18,0.2517,6.27961,3.38333,216.40519,9.54729,13.35029,17.04776
1897-06-01,4.27,0.18,0.26,6.27961,3.37917,226.48288,9.54729,13.79053,17.8505
1897-07-01,4.46,0.18,0.2683,6.27961,3.375,236.56058,9.54729,14.23076,18.65198
1897-08-01,4.75,0.18,0.2767,6.56505,3.37083,240.98822,9.13219,14.0382,19.0064
1897-09-01,4.98,0.18,0.285,6.75534,3.36667,245.54007,8.87494,14.05199,19.37237
1897-10-01,4.82,0.18,0.2933,6.66019,3.3625,241.04638,9.00173,14.66782,19.02803
1897-11-01,4.65,0.18,0.3017,6.66019,3.35833,232.54474,9.00173,15.0879,18.35845
1897-12-01,4.75,0.18,0.31,6.66019,3.35417,237.5457,9.00173,15.50298,18.74876
1898-01-01,4.88,0.1817,0.3133,6.66019,3.35,244.04695,9.08675,15.66801,19.249
1898-02-01,4.87,0.1833,0.3167,6.75534,3.32917,240.1165,9.03765,15.61497,18.91813
1898-03-01,4.65,0.185,0.32,6.75534,3.30833,229.26934,9.12147,15.77768,18.04217
1898-04-01,4.57,0.1867,0.3233,6.75534,3.2875,225.32493,9.20529,15.94038,17.70509
1898-05-01,4.87,0.1883,0.3267,7.23107,3.26667,224.31933,8.67337,15.04828,17.59564
1898-06-01,5.06,0.19,0.33,6.75534,3.24583,249.48449,9.36799,16.27073,19.54482
1898-07-01,5.08,0.1917,0.3333,6.66019,3.225,254.04888,9.58684,16.66821,19.85894
1898-08-01,5.27,0.1933,0.3367,6.66019,3.20417,263.5507,9.66686,16.83824,20.54492
1898-09-01,5.26,0.195,0.34,6.66019,3.18333,263.05061,9.75188,17.00327,20.44273
1898-10-01,5.15,0.1967,0.3433,6.66019,3.1625,257.54955,9.83689,17.1683,19.9472
1898-11-01,5.32,0.1983,0.3467,6.66019,3.14167,266.05119,9.91691,17.33834,20.52742
1898-12-01,5.65,0.2,0.35,6.75534,3.12083,278.57458,9.86105,17.25683,21.40363
1899-01-01,6.08,0.2008,0.3608,6.75534,3.1,299.77583,9.90049,17.78933,22.93281
1899-02-01,6.31,0.2017,0.3717,6.94563,3.10417,302.59236,9.67241,17.82466,23.04812
1899-03-01,6.4,0.2025,0.3825,6.94563,3.10833,306.90826,9.71077,18.34256,23.27968
1899-04-01,6.48,0.2033,0.3933,7.04077,3.1125,306.54556,9.61739,18.60561,23.15242
1899-05-01,6.21,0.2042,0.4042,7.04077,3.11667,293.77283,9.65997,19.12125,22.09127
1899-06-01,6.07,0.205,0.415,7.13592,3.12083,283.32113,9.56851,19.37039,21.21209
1899-07-01,6.28,0.2058,0.4258,7.23107,3.125,289.26599,9.47945,19.61297,21.56143
1899-08-01,6.44,0.2067,0.4367,7.32621,3.12917,292.7836,9.39726,19.85382,21.72624
1899-09-01,6.37,0.2075,0.4475,7.61165,3.13333,278.74104,9.07987,19.58189,20.59114
1899-10-01,6.34,0.2083,0.4583,7.70679,3.1375,274.00342,9.00235,19.8069,20.15371
1899-11-01,6.46,0.2092,0.4692,7.80194,3.14167,275.78473,8.93099,20.03068,20.19646
1899-12-01,6.02,0.21,0.48,7.89709,3.14583,253.90412,8.85712,20.24485,18.51265
1900-01-01,6.1,0.2175,0.48,7.89709,3.15,257.27826,9.17345,20.24485,18.67428
1900-02-01,6.21,0.225,0.48,7.99223,3.14583,258.79979,9.3768,20.00385,18.7038
1900-03-01,6.26,0.2325,0.48,7.99223,3.14167,260.88353,9.68936,20.00385,18.77579
1900-04-01,6.34,0.24,0.48,7.99223,3.1375,264.2175,10.00192,20.00385,18.9364
1900-05-01,6.04,0.2475,0.48,7.80194,3.13333,257.85445,10.56606,20.49174,18.4032
1900-06-01,5.86,0.255,0.48,7.70679,3.12917,253.25868,11.02064,20.74474,17.99271
1900-07-01,5.86,0.2625,0.48,7.80194,3.125,250.17004,11.20642,20.49174,17.68955
1900-08-01,5.94,0.27,0.48,7.70679,3.12083,256.71613,11.66892,20.74474,18.06961
1900-09-01,5.8,0.2775,0.48,7.80194,3.11667,247.60858,11.84679,20.49174,17.34187
1900-10-01,6.01,0.285,0.48,7.70679,3.1125,259.74141,12.31719,20.74474,18.1024
1900-11-01,6.48,0.2925,0.48,7.70679,3.10833,280.05396,12.64132,20.74474,19.41958
1900-12-01,6.87,0.3,0.48,7.61165,3.10417,300.62025,13.12752,21.00403,20.74405
1901-01-01,7.07,0.3017,0.4817,7.70679,3.1,305.5527,13.03893,20.81821,20.97858
1901-02-01,7.25,0.3033,0.4833,7.61165,3.10667,317.24844,13.27192,21.14844,21.67915
1901-03-01,7.51,0.305,0.485,7.61165,3.11333,328.62562,13.34631,21.22283,22.34758
1901-04-01,8.14,0.3067,0.4867,7.5165,3.12,360.70236,13.59059,21.56681,24.40972
1901-05-01,7.73,0.3083,0.4883,7.5165,3.12667,342.53431,13.66149,21.63771,23.06401
1901-06-01,8.5,0.31,0.49,7.5165,3.13333,376.6548,13.73682,21.71304,25.23847
1901-07-01,7.93,0.3117,0.4917,7.61165,3.14,347.00416,13.63949,21.51601,23.14485
1901-08-01,8.04,0.3133,0.4933,7.70679,3.14667,347.47436,13.54026,21.31954,23.07718
1901-09-01,8,0.315,0.495,7.80194,3.15333,341.52907,13.44771,21.13211,22.59047
1901-10-01,7.91,0.3167,0.4967,7.80194,3.16,337.68687,13.52028,21.20469,22.2529
1901-11-01,8.08,0.3183,0.4983,7.89709,3.16667,340.78826,13.42486,21.01668,22.37507
1901-12-01,7.95,0.32,0.5,7.99223,3.17333,331.31374,13.3359,20.83734,21.68022
1902-01-01,8.12,0.3208,0.5108,7.89709,3.18,342.47533,13.53031,21.54389,22.34029
1902-02-01,8.19,0.3217,0.5217,7.89709,3.19,345.4277,13.56827,22.00362,22.45996
1902-03-01,8.2,0.3225,0.5325,7.89709,3.2,345.84947,13.60201,22.45913,22.41065
1902-04-01,8.48,0.3233,0.5433,7.99223,3.21,353.40132,13.47343,22.64186,22.82311
1902-05-01,8.46,0.3242,0.5542,8.08738,3.22,348.41982,13.35197,22.82438,22.42795
1902-06-01,8.41,0.325,0.565,8.18251,3.23,342.33369,13.2293,22.99864,21.96374
1902-07-01,8.6,0.3258,0.5758,8.18251,3.24,350.06775,13.26187,23.43826,22.38569
1902-08-01,8.83,0.3267,0.5867,8.08738,3.25,363.65804,13.45494,24.16287,23.16867
1902-09-01,8.85,0.3275,0.5975,8.18251,3.26,360.24413,13.33107,24.32157,22.85657
1902-10-01,8.57,0.3283,0.6083,8.75342,3.27,326.09431,12.49204,23.14623,20.60443
1902-11-01,8.24,0.3292,0.6192,8.46793,3.28,324.1085,12.94861,24.35534,20.40854
1902-12-01,8.05,0.33,0.63,8.56309,3.29,313.11622,12.83582,24.50475,19.63323
1903-01-01,8.46,0.3317,0.6217,8.65826,3.3,325.44692,12.76014,23.91612,20.31813
1903-02-01,8.41,0.3333,0.6133,8.65826,3.30833,323.52348,12.82169,23.59298,20.10705
1903-03-01,8.08,0.335,0.605,8.37284,3.31667,321.42432,13.32638,24.06704,19.88456
1903-04-01,7.75,0.3367,0.5967,8.37284,3.325,308.29684,13.39401,23.73687,18.98002
1903-05-01,7.6,0.3383,0.5883,8.18251,3.33333,309.36219,13.77069,23.94708,18.95486
1903-06-01,7.18,0.34,0.58,8.18251,3.34167,292.26586,13.83989,23.60922,17.81855
1903-07-01,6.85,0.3417,0.5717,8.18251,3.35,278.83303,13.90909,23.27136,16.91818
1903-08-01,6.63,0.3433,0.5633,8.18251,3.35833,269.87781,13.97422,22.92944,16.29912
1903-09-01,6.47,0.345,0.555,8.27768,3.36667,260.33712,13.88196,22.33185,15.65436
1903-10-01,6.26,0.3467,0.5467,8.18251,3.375,254.81675,14.11261,22.25373,15.25294
1903-11-01,6.28,0.3483,0.5383,8.08738,3.38333,258.63788,14.34452,22.16955,15.40788
1903-12-01,6.57,0.35,0.53,8.08738,3.39167,270.58135,14.41453,21.82772,16.04289
1904-01-01,6.68,0.3467,0.5267,8.27768,3.4,268.78701,13.95037,21.19313,15.86183
1904-02-01,6.5,0.3433,0.5233,8.46793,3.40667,255.66811,13.50321,20.58325,15.0215
1904-03-01,6.48,0.34,0.52,8.37284,3.41333,257.77594,13.52528,20.68572,15.08193
1904-04-01,6.64,0.3367,0.5167,8.27768,3.42,267.1775,13.54799,20.79076,15.56549
1904-05-01,6.5,0.3333,0.5133,8.08738,3.42667,267.69845,13.72675,21.13994,15.52582
1904-06-01,6.51,0.33,0.51,8.08738,3.43333,268.11029,13.59084,21.00403,15.47443
1904-07-01,6.78,0.3267,0.5067,8.08738,3.44,279.23007,13.45494,20.86812,16.0364
1904-08-01,7.01,0.3233,0.5033,8.18251,3.44667,285.34592,13.1601,20.4871,16.30465
1904-09-01,7.32,0.32,0.5,8.27768,3.45333,294.53905,12.87602,20.11879,16.7426
1904-10-01,7.75,0.3167,0.4967,8.27768,3.46,311.84121,12.74324,19.986,17.6332
1904-11-01,8.17,0.3133,0.4933,8.46793,3.46667,321.35515,12.3232,19.40324,18.0762
1904-12-01,8.25,0.31,0.49,8.46793,3.47333,324.50183,12.1934,19.27344,18.15968
1905-01-01,8.43,0.3117,0.505,8.46793,3.48,331.58187,12.26027,19.86345,18.45985
1905-02-01,8.8,0.3133,0.52,8.46793,3.47583,346.13529,12.3232,20.45345,19.169
1905-03-01,9.05,0.315,0.535,8.37284,3.47167,360.01115,12.53077,21.28243,19.83151
1905-04-01,8.94,0.3167,0.55,8.37284,3.4675,355.63533,12.5984,21.87913,19.48293
1905-05-01,8.5,0.3183,0.565,8.27768,3.46333,342.01939,12.80762,22.73423,18.62949
1905-06-01,8.6,0.32,0.58,8.27768,3.45917,346.04315,12.87602,23.33779,18.73586
1905-07-01,8.87,0.3217,0.595,8.27768,3.455,356.9073,12.94443,23.94136,19.20588
1905-08-01,9.2,0.3233,0.61,8.37284,3.45083,365.97819,12.86095,24.26595,19.57331
1905-09-01,9.23,0.325,0.625,8.27768,3.44667,371.39282,13.07721,25.14848,19.74349
1905-10-01,9.36,0.3267,0.64,8.27768,3.4425,376.62371,13.14562,25.75205,19.89739
1905-11-01,9.31,0.3283,0.655,8.37284,3.43833,370.35401,13.05985,26.05606,19.44353
1905-12-01,9.54,0.33,0.67,8.46793,3.43417,375.24212,12.98007,26.35348,19.57796
1906-01-01,9.87,0.3358,0.6775,8.46793,3.43,388.22219,13.20821,26.64848,20.1324
1906-02-01,9.8,0.3417,0.685,8.46793,3.45,385.46884,13.44028,26.94349,19.86675
1906-03-01,9.56,0.3475,0.6925,8.46793,3.47,376.02879,13.66841,27.23849,19.25945
1906-04-01,9.43,0.3533,0.7,8.46793,3.49,370.91543,13.89655,27.53349,18.8762
1906-05-01,9.18,0.3592,0.7075,8.56309,3.51,357.06918,13.9716,27.51922,18.05404
1906-06-01,9.3,0.365,0.715,8.56309,3.53,361.73675,14.1972,27.81094,18.17267
1906-07-01,9.06,0.3708,0.7225,8.27768,3.55,364.55244,14.92009,29.07165,18.1952
1906-08-01,9.73,0.3767,0.73,8.46793,3.57,382.71549,14.81695,28.7135,18.96725
1906-09-01,10.03,0.3825,0.7375,8.56309,3.59,390.13114,14.87788,28.68611,19.20099
1906-10-01,9.73,0.3883,0.745,8.75342,3.61,370.2331,14.77508,28.34776,18.09538
1906-11-01,9.93,0.3942,0.7525,8.84851,3.63,373.78301,14.83839,28.32545,18.14185
1906-12-01,9.84,0.4,0.76,8.94367,3.65,366.45405,14.89651,28.30336,17.66
1907-01-01,9.56,0.4033,0.7517,8.84851,3.67,359.85554,15.18094,28.29534,17.21891
1907-02-01,9.26,0.4067,0.7433,9.03884,3.68667,341.22332,14.98656,27.38999,16.21707
1907-03-01,8.35,0.41,0.735,8.94367,3.70333,310.96456,15.26892,27.37233,14.68755
1907-04-01,8.39,0.4133,0.7267,8.94367,3.72,312.45422,15.39181,27.06323,14.66971
1907-05-01,8.1,0.4167,0.7183,9.134,3.73667,295.3685,15.19507,26.19299,13.79011
1907-06-01,7.84,0.42,0.71,9.22909,3.75333,282.94213,15.15761,25.62359,13.14427
1907-07-01,8.14,0.4233,0.7017,9.22909,3.77,293.769,15.27671,25.32404,13.58501
1907-08-01,7.53,0.4267,0.6933,9.22909,3.78667,271.75437,15.39941,25.02089,12.51347
1907-09-01,7.45,0.43,0.685,9.22909,3.80333,268.86721,15.51851,24.72135,12.32857
1907-10-01,6.64,0.4333,0.6767,9.32425,3.82,237.1889,15.478,24.17255,10.83184
1907-11-01,6.25,0.4367,0.6683,8.94367,3.83667,232.75791,16.26326,24.88834,10.59118
1907-12-01,6.57,0.44,0.66,8.75342,3.85333,249.99296,16.7423,25.11345,11.33331
1908-01-01,6.85,0.4367,0.6533,8.65826,3.87,263.51199,16.79937,25.13173,11.90297
1908-02-01,6.6,0.4333,0.6467,8.56309,3.86083,256.7164,16.85382,25.15432,11.55485
1908-03-01,6.87,0.43,0.64,8.56309,3.85167,267.21844,16.72546,24.89371,11.98466
1908-04-01,7.24,0.4267,0.6333,8.65826,3.8425,278.51486,16.41468,24.36236,12.44889
1908-05-01,7.63,0.4233,0.6267,8.65826,3.83333,293.51773,16.28389,24.10846,13.07845
1908-06-01,7.64,0.42,0.62,8.65826,3.82417,293.90242,16.15694,23.85072,13.05168
1908-07-01,7.92,0.4167,0.6133,8.75342,3.815,301.36137,15.85572,23.33648,13.34549
1908-08-01,8.26,0.4133,0.6067,8.75342,3.80583,314.2986,15.72635,23.08535,13.88423
1908-09-01,8.17,0.41,0.6,8.75342,3.79667,310.87404,15.60078,22.83041,13.70144
1908-10-01,8.27,0.4067,0.5933,8.84851,3.7875,311.29763,15.30892,22.33288,13.69081
1908-11-01,8.83,0.4033,0.5867,8.94367,3.77833,328.84037,15.0194,21.84945,14.43501
1908-12-01,9.03,0.4,0.58,9.03884,3.76917,332.74802,14.73967,21.37252,14.58248
1909-01-01,9.06,0.4033,0.595,8.94367,3.76,337.40586,15.0194,22.15855,14.76442
1909-02-01,8.8,0.4067,0.61,9.03884,3.7725,324.27271,14.98656,22.47799,14.16716
1909-03-01,8.92,0.41,0.625,9.03884,3.785,328.69461,15.10816,23.03073,14.33606
1909-04-01,9.32,0.4133,0.64,9.22909,3.7975,336.35468,14.91581,23.09732,14.6452
1909-05-01,9.63,0.4167,0.655,9.32425,3.81,343.99535,14.88503,23.3974,14.95351
1909-06-01,9.8,0.42,0.67,9.41942,3.8225,346.53119,14.85134,23.69142,15.04044
1909-07-01,9.94,0.4233,0.685,9.41942,3.835,351.48163,14.96803,24.22182,15.2315
1909-08-01,10.18,0.4267,0.7,9.51459,3.8475,356.3677,14.93734,24.50465,15.41758
1909-09-01,10.19,0.43,0.715,9.60967,3.86,353.18817,14.90392,24.78209,15.25445
1909-10-01,10.23,0.4333,0.73,9.8,3.8725,347.68821,14.72662,24.8106,14.98885
1909-11-01,10.18,0.4367,0.745,9.89517,3.885,342.66136,14.69943,25.07689,14.74563
1909-12-01,10.3,0.44,0.76,9.99033,3.8975,343.39801,14.66943,25.33811,14.75064
1910-01-01,10.08,0.4425,0.7575,9.89517,3.91,339.29533,14.89466,25.49764,14.54789
1910-02-01,9.72,0.445,0.755,9.89517,3.91583,327.17764,14.97881,25.41349,14.00204
1910-03-01,9.96,0.4475,0.7525,10.08541,3.92167,328.93189,14.77882,24.85153,14.05001
1910-04-01,9.72,0.45,0.75,10.18058,3.9275,318.00514,14.72246,24.53743,13.55988
1910-05-01,9.56,0.4525,0.7475,9.99033,3.93333,318.7267,15.08617,24.92136,13.56879
1910-06-01,9.1,0.455,0.745,9.89517,3.93917,306.30829,15.31541,25.07689,13.01966
1910-07-01,8.64,0.4575,0.7425,9.89517,3.945,290.82457,15.39956,24.99274,12.34258
1910-08-01,8.85,0.46,0.74,9.8,3.95083,300.78599,15.63407,25.15047,12.74506
1910-09-01,8.91,0.4625,0.7375,9.70483,3.95667,305.79471,15.87318,25.31129,12.93716
1910-10-01,9.32,0.465,0.735,9.41942,3.9625,329.55823,16.44255,25.98984,13.91887
1910-11-01,9.31,0.4675,0.7325,9.22909,3.96833,335.99378,16.87187,26.4356,14.16452
1910-12-01,9.05,0.47,0.73,9.22909,3.97417,326.6105,16.96209,26.34538,13.74148
1911-01-01,9.27,0.47,0.7183,9.22909,3.98,334.5502,16.96209,25.92313,14.04922
1911-02-01,9.43,0.47,0.7067,8.94367,3.9825,351.18513,17.50339,26.3184,14.72149
1911-03-01,9.32,0.47,0.695,9.03884,3.985,343.43428,17.31911,25.61017,14.37062
1911-04-01,9.28,0.47,0.6833,8.75342,3.9875,353.11029,17.88382,26.00003,14.75294
1911-05-01,9.48,0.47,0.6717,8.75342,3.99,360.72043,17.88382,25.55864,15.04766
1911-06-01,9.67,0.47,0.66,8.75342,3.9925,367.95006,17.88382,25.11345,15.32836
1911-07-01,9.63,0.47,0.6483,8.84851,3.995,362.49047,17.69164,24.40317,15.08311
1911-08-01,9.17,0.47,0.6367,9.134,3.9975,334.38632,17.13867,23.21742,13.89979
1911-09-01,8.67,0.47,0.625,9.22909,4,312.89647,16.96209,22.55597,12.99795
1911-10-01,8.72,0.47,0.6133,9.22909,4.0025,314.70094,16.96209,22.13373,13.06647
1911-11-01,9.07,0.47,0.6017,9.134,4.005,330.73979,17.13867,21.94114,13.728
1911-12-01,9.11,0.47,0.59,9.03884,4.0075,335.69595,17.31911,21.74101,13.92926
1912-01-01,9.12,0.4708,0.5992,9.134,4.01,332.56306,17.16784,21.84998,13.79495
1912-02-01,9.04,0.4717,0.6083,9.22909,4.04667,326.2496,17.02344,21.95328,13.53163
1912-03-01,9.3,0.4725,0.6175,9.41942,4.08333,328.85103,16.70775,21.835,13.63977
1912-04-01,9.59,0.4733,0.6267,9.70483,4.12,329.13258,16.24384,21.50859,13.65439
1912-05-01,9.58,0.4742,0.6358,9.70483,4.15667,328.78937,16.27473,21.82091,13.6455
1912-06-01,9.58,0.475,0.645,9.60967,4.19333,332.0454,16.46363,22.35588,13.78542
1912-07-01,9.59,0.4758,0.6542,9.60967,4.23,332.392,16.49136,22.67475,13.80288
1912-08-01,9.81,0.4767,0.6633,9.70483,4.26667,336.68306,16.36053,22.76472,13.98476
1912-09-01,9.86,0.4775,0.6725,9.8,4.30333,335.11298,16.22885,22.85634,13.92629
1912-10-01,9.84,0.4783,0.6817,9.8,4.34,334.43323,16.25604,23.16902,13.90509
1912-11-01,9.73,0.4792,0.6908,9.8,4.37667,330.69465,16.28663,23.4783,13.74954
1912-12-01,9.38,0.48,0.7,9.70483,4.41333,321.92529,16.47379,24.02428,13.389
1913-01-01,9.3,0.48,0.6942,9.8,4.45,316.08019,16.31382,23.59386,13.14809
1913-02-01,8.97,0.48,0.6883,9.8,4.42583,304.86444,16.31382,23.39333,12.68296
1913-03-01,8.8,0.48,0.6825,9.8,4.40167,299.08663,16.31382,23.19621,12.44345
1913-04-01,8.79,0.48,0.6767,9.8,4.3775,298.74676,16.31382,22.99908,12.43307
1913-05-01,8.55,0.48,0.6708,9.7,4.35333,293.58563,16.482,23.0336,12.2214
1913-06-01,8.12,0.48,0.665,9.8,4.32917,275.97539,16.31382,22.60143,11.49196
1913-07-01,8.23,0.48,0.6592,9.9,4.305,276.88858,16.14903,22.178,11.53402
1913-08-01,8.45,0.48,0.6533,9.9,4.28083,284.29022,16.14903,21.9795,11.84684
1913-09-01,8.53,0.48,0.6475,10,4.25667,284.11191,15.98754,21.56653,11.84332
1913-10-01,8.26,0.48,0.6417,10,4.2325,275.11892,15.98754,21.37334,11.47149
1913-11-01,8.05,0.48,0.6358,10.1,4.20833,265.46967,15.82925,20.96716,11.07254
1913-12-01,8.04,0.48,0.63,10,4.18417,267.79129,15.98754,20.98365,11.17404
1914-01-01,8.37,0.475,0.6208,10,4.16,278.78273,15.821,20.67722,11.63609
1914-02-01,8.48,0.47,0.6117,9.9,4.16667,285.29954,15.81259,20.57992,11.91023
1914-03-01,8.32,0.465,0.6025,9.9,4.17333,279.91653,15.64437,20.2704,11.68553
1914-04-01,8.12,0.46,0.5933,9.8,4.18,275.97539,15.63407,20.16456,11.52266
1914-05-01,8.17,0.455,0.5842,9.9,4.18667,274.86995,15.30793,19.65472,11.47901
1914-06-01,8.13,0.45,0.575,9.9,4.19333,273.5242,15.13972,19.34519,11.42872
1914-07-01,7.68,0.445,0.5658,10,4.2,255.80064,14.82178,18.84531,10.69435
1914-08-01,7.68,0.44,0.5567,10.2,4.20667,250.78494,14.36789,18.17864,10.49205
1914-09-01,7.68,0.435,0.5475,10.2,4.21333,250.78494,14.20462,17.87822,10.5005
1914-10-01,7.68,0.43,0.5383,10.1,4.22,253.26796,14.18037,17.75184,10.61276
1914-11-01,7.68,0.425,0.5292,10.2,4.22667,250.78494,13.87807,17.28065,10.51692
1914-12-01,7.35,0.42,0.52,10.1,4.23333,242.38535,13.85059,17.14835,10.17222
1915-01-01,7.48,0.4208,0.55,10.1,4.24,246.67244,13.87697,18.13768,10.35983
1915-02-01,7.38,0.4217,0.58,10,4.22417,245.80843,14.04572,19.31828,10.32979
1915-03-01,7.57,0.4225,0.61,9.9,4.20833,254.68367,14.21451,20.52273,10.70701
1915-04-01,8.14,0.4233,0.64,10,4.1925,271.12203,14.09901,21.31672,11.40112
1915-05-01,7.95,0.4242,0.67,10.1,4.17667,262.17191,13.9891,22.09499,11.02693
1915-06-01,8.04,0.425,0.7,10.1,4.16083,265.1399,14.01548,23.08432,11.15426
1915-07-01,8.01,0.4258,0.73,10.1,4.145,264.15057,14.04186,24.07365,11.11363
1915-08-01,8.35,0.4267,0.76,10.1,4.12917,275.36295,14.07154,25.06298,11.58483
1915-09-01,8.66,0.4275,0.79,10.1,4.11333,285.58601,14.09792,26.0523,12.01157
1915-10-01,9.14,0.4283,0.82,10.2,4.0975,298.4602,13.98583,26.77652,12.54908
1915-11-01,9.46,0.4292,0.85,10.3,4.08167,305.91045,13.87915,27.48667,12.85771
1915-12-01,9.48,0.43,0.88,10.3,4.06583,306.5572,13.90502,28.45679,12.87844
1916-01-01,9.33,0.4408,0.9342,10.4,4.05,298.80559,14.1172,29.91899,12.54356
1916-02-01,9.2,0.4517,0.9883,10.4,4.065,294.64216,14.46629,31.65161,12.35465
1916-03-01,9.17,0.4625,1.042,10.5,4.08,290.88441,14.67111,33.0536,12.17705
1916-04-01,9.07,0.4733,1.097,10.6,4.095,284.99801,14.87206,34.46999,11.90648
1916-05-01,9.27,0.4842,1.151,10.7,4.11,288.56016,15.07237,35.82877,12.02626
1916-06-01,9.36,0.495,1.205,10.8,4.125,288.66392,15.26588,37.1624,11.99596
1916-07-01,9.23,0.5058,1.259,10.8,4.14,284.6547,15.59895,38.82776,11.79117
1916-08-01,9.3,0.5167,1.313,10.9,4.155,284.18219,15.78892,40.12164,11.73208
1916-09-01,9.68,0.5275,1.368,11.1,4.17,290.46432,15.8285,41.04909,11.94455
1916-10-01,9.98,0.5383,1.422,11.3,4.185,294.16602,15.86669,41.91424,12.04574
1916-11-01,10.21,0.5492,1.476,11.5,4.2,295.71156,15.90644,42.74929,12.05323
1916-12-01,9.8,0.56,1.53,11.6,4.215,281.38989,16.07942,43.93128,11.41356
1917-01-01,9.57,0.5708,1.509,11.7,4.23,272.43725,16.24944,42.95797,10.99236
1917-02-01,9.03,0.5817,1.488,12,4.25833,250.638,16.14575,41.30115,10.06319
1917-03-01,9.31,0.5925,1.468,12,4.28667,258.40972,16.44552,40.74602,10.32716
1917-04-01,9.17,0.6033,1.447,12.6,4.315,242.40367,15.94789,38.25061,9.64453
1917-05-01,8.86,0.6142,1.426,12.8,4.34333,230.54949,15.98234,37.1065,9.13899
1917-06-01,9.04,0.625,1.405,13,4.37167,231.61436,16.01316,35.99759,9.14822
1917-07-01,8.79,0.6358,1.384,12.8,4.4,228.72799,16.5444,36.0136,9.00347
1917-08-01,8.53,0.6467,1.363,13,4.42833,218.54762,16.56914,34.9215,8.57268
1917-09-01,8.12,0.6575,1.343,13.3,4.45667,203.35029,16.46586,33.63294,7.95082
1917-10-01,7.68,0.6683,1.322,13.5,4.485,189.48196,16.48838,32.61656,7.38713
1917-11-01,7.04,0.6792,1.301,13.5,4.51333,173.69179,16.75731,32.09844,6.75301
1917-12-01,6.8,0.69,1.28,13.7,4.54167,165.32128,16.77525,31.1193,6.41259
1918-01-01,7.21,0.68,1.256,14,4.57,171.53298,16.17787,29.88147,6.64065
1918-02-01,7.43,0.67,1.232,14.1,4.56417,175.51333,15.82691,29.10261,6.78434
1918-03-01,7.28,0.66,1.208,14,4.55833,173.19835,15.70205,28.73951,6.68636
1918-04-01,7.21,0.65,1.183,14.2,4.5525,169.11702,15.24633,27.74833,6.52073
1918-05-01,7.44,0.64,1.159,14.5,4.54667,170.90129,14.70119,26.62293,6.58236
1918-06-01,7.45,0.63,1.135,14.7,4.54083,168.80268,14.27459,25.71692,6.49629
1918-07-01,7.51,0.62,1.111,15.1,4.535,165.65456,13.67588,24.50629,6.37132
1918-08-01,7.58,0.61,1.087,15.4,4.52917,163.9415,13.19318,23.50982,6.30307
1918-09-01,7.54,0.6,1.063,15.7,4.52333,159.96026,12.72893,22.55143,6.14917
1918-10-01,7.86,0.59,1.038,16,4.5175,163.62248,12.28209,21.60816,6.29052
1918-11-01,8.06,0.58,1.014,16.3,4.51167,164.69782,11.8517,20.72005,6.33333
1918-12-01,7.9,0.57,0.99,16.5,4.50583,159.47167,11.50618,19.98442,6.13458
1919-01-01,7.85,0.5667,0.985,16.5,4.5,158.46236,11.43957,19.88349,6.09847
1919-02-01,7.88,0.5633,0.98,16.2,4.53917,162.01365,11.58151,20.14891,6.23969
1919-03-01,8.12,0.56,0.975,16.4,4.57833,164.91212,11.37325,19.80164,6.35607
1919-04-01,8.39,0.5567,0.97,16.7,4.6175,167.33466,11.10312,19.3462,6.45614
1919-05-01,8.97,0.5533,0.965,16.9,4.65667,176.7853,10.90472,19.01871,6.829
1919-06-01,9.21,0.55,0.96,16.9,4.69583,181.51534,10.83968,18.92017,7.02162
1919-07-01,9.51,0.5467,0.955,17.4,4.735,182.04203,10.46502,18.28077,7.05284
1919-08-01,8.87,0.5433,0.95,17.7,4.77417,166.91323,10.22367,17.87684,6.47913
1919-09-01,9.01,0.54,0.945,17.8,4.81333,168.5952,10.10448,17.68285,6.55848
1919-10-01,9.47,0.5367,0.94,18.1,4.8525,174.26566,9.87628,17.29775,6.7947
1919-11-01,9.19,0.5333,0.935,18.5,4.89167,165.45664,9.60153,16.83373,6.46702
1919-12-01,8.92,0.53,0.93,18.9,4.93083,157.19671,9.34016,16.38934,6.16072
1920-01-01,8.83,0.5283,0.9192,19.3,4.97,152.38556,9.11725,15.86328,5.98967
1920-02-01,8.1,0.5267,0.9083,19.5,4.98,138.35371,8.99641,15.5144,5.45535
1920-03-01,8.67,0.525,0.8975,19.7,4.99,146.58626,8.87633,15.1743,5.79882
1920-04-01,8.6,0.5233,0.8867,20.3,5,141.10514,8.58608,14.5486,5.59986
1920-05-01,8.06,0.5217,0.8758,20.6,5.01,130.31915,8.43517,14.16048,5.18895
1920-06-01,7.92,0.52,0.865,20.9,5.02,126.21742,8.287,13.78511,5.04364
1920-07-01,7.91,0.5183,0.8542,20.8,5.03,126.6641,8.29962,13.67844,5.08059
1920-08-01,7.6,0.5167,0.8433,20.3,5.04,124.69756,8.47779,13.83651,5.0207
1920-09-01,7.87,0.515,0.8325,20,5.05,131.06452,8.57665,13.86419,5.29716
1920-10-01,7.88,0.5133,0.8217,19.9,5.06,131.89051,8.59129,13.7531,5.35118
1920-11-01,7.48,0.5117,0.8108,19.8,5.07,125.82786,8.60777,13.6392,5.12641
1920-12-01,6.81,0.51,0.8,19.4,5.08,116.91919,8.75606,13.735,4.78424
1921-01-01,7.11,0.5058,0.7575,19,5.09,124.6397,8.86677,13.27912,5.12218
1921-02-01,7.06,0.5017,0.715,18.4,5.02417,127.79895,9.08169,12.94281,5.27486
1921-03-01,6.88,0.4975,0.6725,18.3,4.95833,125.22117,9.05487,12.24001,5.19235
1921-04-01,6.91,0.4933,0.63,18.1,4.8925,127.15688,9.07764,11.59317,5.29709
1921-05-01,7.12,0.4892,0.5875,17.7,4.82667,133.98221,9.20563,11.05541,5.60947
1921-06-01,6.55,0.485,0.545,17.6,4.76083,123.95642,9.17845,10.31393,5.21611
1921-07-01,6.53,0.4808,0.5025,17.7,4.695,122.87975,9.04756,9.45591,5.19778
1921-08-01,6.45,0.4767,0.46,17.7,4.62917,121.37433,8.97041,8.65615,5.16129
1921-09-01,6.61,0.4725,0.4175,17.5,4.56333,125.80671,8.99299,7.94619,5.37752
1921-10-01,6.7,0.4683,0.375,17.5,4.4975,127.51966,8.91305,7.13729,5.47926
1921-11-01,7.06,0.4642,0.3325,17.4,4.43167,135.14372,8.8858,6.36477,5.8382
1921-12-01,7.31,0.46,0.29,17.3,4.36583,140.7381,8.8563,5.58332,6.11416
1922-01-01,7.3,0.4642,0.3233,16.9,4.3,143.87209,9.14869,6.37176,6.28709
1922-02-01,7.46,0.4683,0.3567,16.9,4.305,147.02545,9.22949,7.03002,6.46131
1922-03-01,7.74,0.4725,0.39,16.7,4.31,154.37071,9.42379,7.77837,6.82139
1922-04-01,8.21,0.4767,0.4233,16.7,4.315,163.74464,9.50756,8.44252,7.27325
1922-05-01,8.53,0.4808,0.4567,16.7,4.32,170.12689,9.58933,9.10867,7.59347
1922-06-01,8.45,0.485,0.49,16.7,4.325,168.53133,9.6731,9.77282,7.55799
1922-07-01,8.51,0.4892,0.5233,16.8,4.33,168.71772,9.69879,10.37485,7.6021
1922-08-01,8.83,0.4933,0.5567,16.6,4.335,177.17116,9.89791,11.17001,8.02003
1922-09-01,9.06,0.4975,0.59,16.6,4.34,181.78603,9.98218,11.83816,8.26508
1922-10-01,9.26,0.5017,0.6233,16.7,4.345,184.6864,10.00617,12.43143,8.43215
1922-11-01,8.8,0.5058,0.6567,16.8,4.35,174.4672,10.0279,13.01961,7.99825
1922-12-01,8.78,0.51,0.69,16.9,4.355,173.04068,10.05134,13.59887,7.96468
1923-01-01,8.9,0.5117,0.7142,16.8,4.36,176.44978,10.14487,14.1596,8.1542
1923-02-01,9.28,0.5133,0.7383,16.8,4.335,183.9836,10.17659,14.6374,8.53336
1923-03-01,9.43,0.515,0.7625,16.8,4.31,186.95747,10.2103,15.11719,8.70074
1923-04-01,9.1,0.5167,0.7867,16.9,4.285,179.3474,10.18339,15.50468,8.37281
1923-05-01,8.67,0.5183,0.8108,16.9,4.26,170.87275,10.21492,15.97966,8.0005
1923-06-01,8.34,0.52,0.835,17,4.235,163.40206,10.18814,16.3598,7.67183
1923-07-01,8.06,0.5217,0.8592,17.2,4.21,156.07991,10.10259,16.6382,7.34599
1923-08-01,8.1,0.5233,0.8833,17.1,4.185,157.77178,10.19284,17.20491,7.44178
1923-09-01,8.15,0.525,0.9075,17.2,4.16,157.82274,10.1665,17.57351,7.45818
1923-10-01,8.03,0.5267,0.9317,17.3,4.135,154.60013,10.14046,17.93785,7.3174
1923-11-01,8.27,0.5283,0.9558,17.3,4.11,159.2208,10.17126,18.40184,7.54633
1923-12-01,8.55,0.53,0.98,17.3,4.085,164.61159,10.20399,18.86776,7.80974
1924-01-01,8.83,0.5317,0.9758,17.3,4.06,170.00238,10.23672,18.7869,8.07225
1924-02-01,8.87,0.5333,0.9717,17.2,4.04333,171.76536,10.32722,18.81673,8.16207
1924-03-01,8.7,0.535,0.9675,17.1,4.02667,169.45857,10.42073,18.84496,8.05808
1924-04-01,8.5,0.5367,0.9633,17,4.01,166.53687,10.51533,18.87353,7.92362
1924-05-01,8.47,0.5383,0.9592,17,3.99333,165.9491,10.54668,18.7932,7.8997
1924-06-01,8.63,0.54,0.955,17,3.97667,169.08391,10.57999,18.71091,8.05168
1924-07-01,9.03,0.5417,0.9508,17.1,3.96,175.88631,10.55123,18.51968,8.37771
1924-08-01,9.34,0.5433,0.9467,17,3.94333,182.99464,10.64465,18.54829,8.71742
1924-09-01,9.25,0.545,0.9425,17.1,3.92667,180.17147,10.61551,18.35801,8.58167
1924-10-01,9.13,0.5467,0.9383,17.2,3.91,176.80019,10.58671,18.16995,8.41949
1924-11-01,9.64,0.5483,0.9342,17.2,3.89333,186.67622,10.61769,18.09055,8.88833
1924-12-01,10.16,0.55,0.93,17.3,3.87667,195.60863,10.58905,17.90512,9.31064
1925-01-01,10.58,0.5542,0.9567,17.3,3.86,203.69481,10.66991,18.41917,9.69262
1925-02-01,10.67,0.5583,0.9833,17.2,3.845,206.62191,10.81134,19.04136,9.8308
1925-03-01,10.39,0.5625,1.01,17.3,3.83,200.03678,10.82971,19.44535,9.51854
1925-04-01,10.28,0.5667,1.037,17.2,3.815,199.06966,10.97401,20.08125,9.47657
1925-05-01,10.61,0.5708,1.063,17.3,3.8,204.2724,10.98951,20.46575,9.72901
1925-06-01,10.8,0.575,1.09,17.5,3.785,205.55409,10.94385,20.74574,9.79639
1925-07-01,11.1,0.5792,1.117,17.7,3.77,208.87676,10.89923,21.0194,9.96399
1925-08-01,11.25,0.5833,1.143,17.7,3.755,211.69942,10.97638,21.50866,10.11092
1925-09-01,11.51,0.5875,1.17,17.7,3.74,216.59203,11.05541,22.01674,10.35925
1925-10-01,11.89,0.5917,1.197,17.7,3.725,223.74276,11.13445,22.52482,10.7185
1925-11-01,12.26,0.5958,1.223,18,3.71,226.86023,11.02474,22.63051,10.88632
1925-12-01,12.46,0.6,1.25,17.9,3.695,231.8491,11.16448,23.25934,11.14737
1926-01-01,12.65,0.6075,1.249,17.9,3.68,235.38452,11.30404,23.24073,11.34097
1926-02-01,12.67,0.615,1.248,17.9,3.65167,235.75667,11.4436,23.22213,11.38944
1926-03-01,11.81,0.6225,1.248,17.8,3.62333,220.98882,11.64823,23.35259,10.71235
1926-04-01,11.48,0.63,1.247,17.9,3.595,213.61378,11.72271,23.20352,10.39559
1926-05-01,11.56,0.6375,1.246,17.8,3.56667,216.31082,11.92891,23.31516,10.57516
1926-06-01,12.11,0.645,1.245,17.7,3.53833,227.88266,12.13743,23.42807,11.19798
1926-07-01,12.62,0.6525,1.244,17.5,3.51,240.19376,12.41889,23.67679,11.86969
1926-08-01,13.12,0.66,1.243,17.4,3.48167,251.14526,12.63383,23.79372,12.48881
1926-09-01,13.32,0.6675,1.242,17.5,3.45333,253.51671,12.70438,23.63872,12.69261
1926-10-01,13.02,0.675,1.242,17.6,3.425,246.39888,12.77414,23.50441,12.42652
1926-11-01,13.19,0.6825,1.241,17.7,3.39667,248.20581,12.8431,23.3528,12.61525
1926-12-01,13.49,0.69,1.24,17.7,3.36833,253.85112,12.98423,23.33398,13.00905
1927-01-01,13.4,0.6967,1.229,17.5,3.34,255.03933,13.26014,23.39129,13.18593
1927-02-01,13.66,0.7033,1.218,17.4,3.33917,261.48204,13.46269,23.31516,13.63397
1927-03-01,13.87,0.71,1.208,17.3,3.33833,267.03658,13.6695,23.2574,14.03326
1927-04-01,14.21,0.7167,1.197,17.3,3.3375,273.58254,13.79849,23.04562,14.48822
1927-05-01,14.7,0.7233,1.186,17.4,3.33667,281.38989,13.84553,22.70261,15.00235
1927-06-01,14.89,0.73,1.175,17.6,3.33583,281.78796,13.81499,22.23646,15.12033
1927-07-01,15.22,0.7367,1.164,17.3,3.335,293.02789,14.18355,22.41028,15.8208
1927-08-01,16.03,0.7433,1.153,17.2,3.33417,310.41699,14.39382,22.32756,16.86286
1927-09-01,16.94,0.75,1.143,17.3,3.33333,326.14274,14.43961,22.00597,17.81872
1927-10-01,16.68,0.7567,1.132,17.4,3.3325,319.29139,14.48488,21.66894,17.53724
1927-11-01,17.06,0.7633,1.121,17.3,3.33167,328.45307,14.69568,21.58241,18.1313
1927-12-01,17.46,0.77,1.11,17.3,3.33083,336.1542,14.82467,21.37063,18.64662
1928-01-01,17.53,0.7767,1.133,17.3,3.33,337.5019,14.95366,21.81344,18.80613
1928-02-01,17.32,0.7833,1.155,17.1,3.3525,337.35891,15.25712,22.49709,18.86885
1928-03-01,18.25,0.79,1.177,17.1,3.375,355.47345,15.38762,22.9256,19.94342
1928-04-01,19.4,0.7967,1.2,17.1,3.3975,377.87314,15.51812,23.3736,21.25791
1928-05-01,20,0.8033,1.222,17.2,3.42,387.29506,15.55571,23.66373,21.83273
1928-06-01,19.02,0.81,1.245,17.1,3.4425,370.4715,15.77718,24.25011,20.91342
1928-07-01,19.16,0.8167,1.268,17.1,3.465,373.19842,15.90768,24.6981,21.08191
1928-08-01,19.78,0.8233,1.29,17.1,3.4875,385.27478,16.03623,25.12662,21.76213
1928-09-01,21.17,0.83,1.312,17.3,3.51,407.58216,15.97984,25.2597,23.00465
1928-10-01,21.6,0.8367,1.335,17.2,3.5325,418.27866,16.20249,25.85195,23.57834
1928-11-01,23.06,0.8433,1.357,17.2,3.555,446.5512,16.3303,26.27797,25.12198
1928-12-01,23.15,0.85,1.38,17.1,3.5775,450.91563,16.5563,26.87964,25.30159
1929-01-01,24.86,0.86,1.399,17.1,3.6,484.22301,16.75108,27.24972,27.0832
1929-02-01,24.99,0.87,1.418,17.1,3.57417,486.75515,16.94586,27.6198,27.13167
1929-03-01,25.43,0.88,1.438,17,3.54833,498.23914,17.24146,28.17412,27.67575
1929-04-01,25.28,0.89,1.457,16.9,3.5225,498.23103,17.54057,28.71529,27.56845
1929-05-01,25.66,0.9,1.476,17,3.49667,502.74544,17.63332,28.91864,27.69859
1929-06-01,26.15,0.91,1.495,17.1,3.47083,509.34962,17.72498,29.11961,27.93547
1929-07-01,28.48,0.92,1.514,17.3,3.445,548.32025,17.71259,29.14877,29.93329
1929-08-01,30.1,0.93,1.533,17.3,3.41917,579.50982,17.90512,29.51457,31.48031
1929-09-01,31.3,0.94,1.552,17.3,3.39333,602.6132,18.09765,29.88037,32.56379
1929-10-01,27.99,0.95,1.572,17.3,3.3675,538.88637,18.29018,30.26543,28.96107
1929-11-01,20.58,0.96,1.591,17.3,3.34167,396.22299,18.48271,30.63123,21.17104
1929-12-01,21.4,0.97,1.61,17.2,3.31583,414.40571,18.78381,31.17725,22.00737
1930-01-01,21.71,0.9708,1.557,17.1,3.29,422.86732,18.90924,30.32724,22.31072
1930-02-01,23.07,0.9717,1.503,17,3.29417,452.00067,19.0381,29.44764,23.69712
1930-03-01,23.94,0.9725,1.45,16.9,3.29833,471.82163,19.16652,28.57733,24.58661
1930-04-01,25.46,0.9733,1.397,17,3.3025,498.82692,19.06945,27.37083,25.84344
1930-05-01,23.94,0.9742,1.343,16.9,3.30667,471.82163,19.20003,26.46852,24.30976
1930-06-01,21.52,0.975,1.29,16.8,3.31083,426.65161,19.33017,25.57531,21.8669
1930-07-01,21.06,0.9758,1.237,16.6,3.315,422.56224,19.57912,24.82001,21.5488
1930-08-01,20.79,0.9767,1.183,16.5,3.31917,419.67292,19.71595,23.88038,21.3006
1930-09-01,20.78,0.9775,1.13,16.6,3.32333,416.94413,19.61323,22.67309,21.07258
1930-10-01,17.92,0.9783,1.077,16.5,3.3275,361.73828,19.74825,21.74063,18.21487
1930-11-01,16.62,0.9792,1.023,16.4,3.33167,337.54181,19.88694,20.77649,16.93971
1930-12-01,15.51,0.98,0.97,16.1,3.33583,320.86794,20.27405,20.06718,16.055
1931-01-01,15.98,0.9667,0.94,15.9,3.34,334.74959,20.25047,19.69115,16.70548
1931-02-01,17.2,0.9533,0.91,15.7,3.36833,364.89608,20.22415,19.30555,18.16149
1931-03-01,17.53,0.94,0.88,15.6,3.39667,374.28095,20.06983,18.78878,18.57956
1931-04-01,15.86,0.9267,0.85,15.5,3.425,340.80966,19.91351,18.26533,16.87232
1931-05-01,14.33,0.9133,0.82,15.3,3.45333,311.95731,19.88211,17.85101,15.40154
1931-06-01,13.87,0.9,0.79,15.1,3.48167,305.94258,19.85208,17.42571,15.06248
1931-07-01,14.33,0.8867,0.76,15.1,3.51,316.08919,19.55871,16.76398,15.51675
1931-08-01,13.9,0.8733,0.73,15.1,3.53833,306.60431,19.26313,16.10224,15.00628
1931-09-01,11.83,0.86,0.7,15,3.56667,262.68416,19.09623,15.54344,12.81775
1931-10-01,10.25,0.8467,0.67,14.9,3.595,229.12792,18.92708,14.97714,11.14593
1931-11-01,10.39,0.8333,0.64,14.7,3.62333,235.41743,18.88098,14.50117,11.4156
1931-12-01,8.44,0.82,0.61,14.6,3.65167,192.544,18.70688,13.9161,9.30603
1932-01-01,8.3,0.7933,0.5933,14.3,3.68,193.32253,18.47744,13.81907,9.31241
1932-02-01,8.23,0.7667,0.5767,14.1,3.64917,194.41113,18.11118,13.62295,9.33693
1932-03-01,8.26,0.74,0.56,14,3.61833,196.51351,17.60533,13.32295,9.41307
1932-04-01,6.28,0.7133,0.5433,13.9,3.5875,150.48224,17.09219,13.01863,7.19223
1932-05-01,5.51,0.6867,0.5267,13.7,3.55667,133.95886,16.69502,12.80511,6.39086
1932-06-01,4.77,0.66,0.51,13.6,3.52583,116.82072,16.16387,12.49027,5.56506
1932-07-01,5.01,0.6333,0.4933,13.6,3.495,122.69849,15.50997,12.08127,5.83876
1932-08-01,7.53,0.6067,0.4767,13.5,3.46417,185.78114,14.96858,11.7612,8.83465
1932-09-01,8.26,0.58,0.46,13.4,3.43333,205.31262,14.41662,11.43387,9.76117
1932-10-01,7.12,0.5533,0.4433,13.3,3.4025,178.30715,13.85637,11.10162,8.47861
1932-11-01,7.05,0.5267,0.4267,13.2,3.37167,177.89166,13.29015,10.76686,8.46331
1932-12-01,6.82,0.5,0.41,13.1,3.34083,173.40175,12.71274,10.42445,8.25707
1933-01-01,7.09,0.495,0.4125,12.9,3.31,183.06146,12.78074,10.65061,8.72805
1933-02-01,6.25,0.49,0.415,12.7,3.29417,163.91425,12.85088,10.88391,7.82605
1933-03-01,6.23,0.485,0.4175,12.6,3.27833,164.68647,12.8207,11.03637,7.87468
1933-04-01,6.89,0.48,0.42,12.6,3.2625,182.13319,12.68852,11.10246,8.7231
1933-05-01,8.87,0.475,0.4225,12.6,3.24667,234.47335,12.55635,11.16854,11.24965
1933-06-01,10.39,0.47,0.425,12.7,3.23083,272.49104,12.32635,11.14617,13.09888
1933-07-01,11.23,0.465,0.4275,13.1,3.215,285.52811,11.82285,10.86939,13.7543
1933-08-01,10.67,0.46,0.43,13.2,3.19917,269.23461,11.60712,10.85013,12.99953
1933-09-01,10.58,0.455,0.4325,13.2,3.18333,266.96366,11.48095,10.91321,12.92292
1933-10-01,9.55,0.45,0.435,13.2,3.1675,240.97381,11.35479,10.97629,11.69625
1933-11-01,9.78,0.445,0.4375,13.2,3.15167,246.77737,11.22862,11.03938,12.01177
1933-12-01,9.97,0.44,0.44,13.2,3.13583,251.57161,11.10246,11.10246,12.2818
1934-01-01,10.54,0.4408,0.4442,13.2,3.12,265.95434,11.12264,11.20844,13.02512
1934-02-01,11.32,0.4417,0.4483,13.3,3.0925,283.48833,11.06155,11.22684,13.92692
1934-03-01,10.74,0.4425,0.4525,13.3,3.065,268.96331,11.08159,11.33202,13.25454
1934-04-01,10.92,0.4433,0.4567,13.3,3.0375,273.47108,11.10162,11.4372,13.51839
1934-05-01,9.81,0.4442,0.4608,13.3,3.01,245.67319,11.12416,11.53988,12.18158
1934-06-01,9.94,0.445,0.465,13.4,2.9825,247.07112,11.06103,11.55816,12.28773
1934-07-01,9.47,0.4458,0.4692,13.4,2.955,235.38869,11.08092,11.66255,11.74152
1934-08-01,9.1,0.4467,0.4733,13.4,2.9275,226.19187,11.10329,11.76446,11.31503
1934-09-01,8.88,0.4475,0.4775,13.6,2.9,217.47757,10.9596,11.69432,10.90995
1934-10-01,8.95,0.4483,0.4817,13.5,2.8725,220.81556,11.06052,11.88456,11.10835
1934-11-01,9.2,0.4492,0.4858,13.5,2.845,226.98359,11.08272,11.98572,11.44881
1934-12-01,9.26,0.45,0.49,13.4,2.8175,230.16887,11.18531,12.17956,11.63934
1935-01-01,9.26,0.45,0.57,13.6,2.79,226.78404,11.02082,13.95971,11.49591
1935-02-01,8.98,0.45,0.65,13.7,2.77833,218.32133,10.94038,15.80277,11.08781
1935-03-01,8.41,0.45,0.73,13.7,2.76667,204.46352,10.94038,17.74773,10.39827
1935-04-01,9.04,0.44667,0.75667,13.8,2.755,218.18744,10.78066,18.26275,11.10421
1935-05-01,9.75,0.44333,0.78333,13.8,2.74333,235.32385,10.70019,18.90635,11.98558
1935-06-01,10.12,0.44,0.81,13.7,2.73167,246.03696,10.69726,19.69268,12.53952
1935-07-01,10.65,0.44,0.79333,13.7,2.72,258.92229,10.69726,19.28747,13.20214
1935-08-01,11.37,0.44,0.77667,13.7,2.70833,276.4269,10.69726,18.88229,14.10506
1935-09-01,11.61,0.44,0.76,13.7,2.69667,282.26177,10.69726,18.47708,14.41889
1935-10-01,11.92,0.45,0.76,13.7,2.685,289.79847,10.94038,18.47708,14.82623
1935-11-01,13.04,0.46,0.76,13.8,2.67333,314.73056,11.10246,18.34319,16.12961
1935-12-01,13.04,0.47,0.76,13.8,2.66167,314.73056,11.34382,18.34319,16.15919
1936-01-01,13.76,0.48,0.77,13.8,2.65,332.10832,11.58517,18.58455,17.08736
1936-02-01,14.55,0.49,0.78,13.8,2.6525,351.17558,11.82653,18.82591,18.10454
1936-03-01,14.86,0.5,0.79,13.7,2.655,361.27561,12.15598,19.20644,18.66048
1936-04-01,14.88,0.51667,0.82,13.7,2.6575,361.76185,12.56118,19.9358,18.719
1936-05-01,14.09,0.53333,0.85,13.7,2.66,342.55541,12.96637,20.66516,17.75019
1936-06-01,14.69,0.55,0.88,13.8,2.6625,354.55459,13.27468,21.23949,18.393
1936-07-01,15.56,0.57,0.9,13.9,2.665,372.8509,13.65842,21.56593,19.36046
1936-08-01,15.87,0.59,0.92,14,2.6675,377.56289,14.03668,21.8877,19.62306
1936-09-01,16.05,0.61,0.94,14,2.67,381.84526,14.5125,22.36352,19.86202
1936-10-01,16.89,0.64667,0.96667,14,2.6725,401.82969,15.38484,22.99796,20.91309
1936-11-01,17.36,0.68333,0.99333,14,2.675,413.01145,16.25716,23.63237,21.49977
1936-12-01,17.06,0.72,1.02,14,2.6775,405.87416,17.12951,24.2668,21.12566
1937-01-01,17.59,0.73,1.05,14.1,2.68,415.51541,17.24424,24.80336,21.61874
1937-02-01,18.11,0.74,1.08,14.1,2.67,427.79898,17.48047,25.51203,22.24422
1937-03-01,18.09,0.75,1.11,14.2,2.66,424.31719,17.59192,26.03605,22.0422
1937-04-01,17.01,0.78,1.13,14.3,2.65,396.19472,18.16766,26.31981,20.55658
1937-05-01,16.25,0.81,1.15,14.4,2.64,375.86447,18.7354,26.59964,19.47417
1937-06-01,15.64,0.84,1.17,14.4,2.63,361.7551,19.4293,27.06224,18.71166
1937-07-01,16.57,0.81667,1.18667,14.5,2.62,380.6229,18.75933,27.25853,19.64672
1937-08-01,16.74,0.79333,1.20333,14.5,2.61,384.5279,18.22334,27.64122,19.80698
1937-09-01,14.37,0.77,1.22,14.6,2.6,327.8267,17.56622,27.83219,16.84788
1937-10-01,12.28,0.78,1.19,14.6,2.59,280.14696,17.79435,27.14779,14.36166
1937-11-01,11.2,0.79,1.16,14.5,2.58,257.27076,18.14678,26.6459,13.15812
1937-12-01,11.02,0.8,1.13,14.4,2.57,254.89394,18.5041,26.13704,13.00848
1938-01-01,11.31,0.79333,1.07667,14.2,2.56,265.28621,18.60834,25.25426,13.51146
1938-02-01,11.04,0.78667,1.02333,14.1,2.54333,260.78966,18.58285,24.17336,13.26308
1938-03-01,10.31,0.78,0.97,14.1,2.52667,243.54542,18.42536,22.91358,12.37729
1938-04-01,9.89,0.76667,0.90333,14.2,2.51,231.97883,17.98286,21.18849,11.78952
1938-05-01,9.98,0.75333,0.83667,14.1,2.49333,235.75007,17.79542,19.76396,11.99228
1938-06-01,10.21,0.74,0.77,14.1,2.47667,241.18319,17.48047,18.18913,12.28897
1938-07-01,12.24,0.71333,0.72,14.1,2.46,289.13636,16.85053,17.00802,14.77033
1938-08-01,12.31,0.68667,0.67,14.1,2.44333,290.78992,16.22062,15.82691,14.90359
1938-09-01,11.75,0.66,0.62,14.1,2.42667,277.56146,15.59069,14.6458,14.28233
1938-10-01,13.06,0.61,0.62667,14,2.41,310.71023,14.5125,14.90902,16.06115
1938-11-01,13.07,0.56,0.63333,14,2.39333,310.94814,13.32295,15.06761,16.14957
1938-12-01,12.69,0.51,0.64,14,2.37667,301.90756,12.1334,15.22623,15.75648
1939-01-01,12.5,0.51333,0.66333,14,2.36,297.38728,12.2127,15.78134,15.59963
1939-02-01,12.4,0.51667,0.68667,13.9,2.3475,297.13054,12.38045,16.45401,15.6647
1939-03-01,12.39,0.52,0.71,13.9,2.335,296.89092,12.46031,17.01312,15.72922
1939-04-01,10.83,0.52333,0.72667,13.8,2.3225,261.39049,12.63105,17.53867,13.91699
1939-05-01,11.23,0.52667,0.74333,13.8,2.31,271.0448,12.71152,17.94092,14.50293
1939-06-01,11.43,0.53,0.76,13.8,2.2975,275.87195,12.79196,18.34319,14.83383
1939-07-01,11.71,0.54,0.77667,13.8,2.285,282.62997,13.03332,18.74546,15.27095
1939-08-01,11.54,0.55,0.79333,13.8,2.2725,278.52689,13.27468,19.14771,15.12008
1939-09-01,12.77,0.56,0.81,14.1,2.26,301.65616,13.22846,19.13402,16.45284
1939-10-01,12.9,0.58,0.84,14,2.2475,306.90367,13.79877,19.98442,16.8212
1939-11-01,12.67,0.6,0.87,14,2.235,301.43174,14.27459,20.69815,16.59924
1939-12-01,12.37,0.62,0.9,14,2.2225,294.29445,14.75041,21.41188,16.28041
1940-01-01,12.3,0.62333,0.93,13.9,2.21,294.73433,14.93639,22.28479,16.37848
1940-02-01,12.22,0.62667,0.96,14,2.18833,290.7258,14.90902,22.83934,16.21612
1940-03-01,12.15,0.63,0.99,14,2.16667,289.06043,14.98832,23.55307,16.17291
1940-04-01,12.27,0.63667,1.00667,14,2.145,291.91535,15.14693,23.94967,16.37099
1940-05-01,10.58,0.64333,1.02333,14,2.12333,251.70859,15.30552,24.34603,14.13875
1940-06-01,9.67,0.65,1.04,14.1,2.10167,228.42717,15.35446,24.56714,12.84377
1940-07-01,9.99,0.65667,1.05333,14,2.08,237.67191,15.62275,25.05976,13.36988
1940-08-01,10.2,0.66333,1.06667,14,2.05833,242.66802,15.78134,25.37713,13.6494
1940-09-01,10.63,0.67,1.08,14,2.03667,252.89814,15.93996,25.69426,14.21484
1940-10-01,10.73,0.67,1.07,14,2.015,255.27724,15.93996,25.45635,14.32829
1940-11-01,10.98,0.67,1.06,14,1.99333,261.22498,15.93996,25.21844,14.63669
1940-12-01,10.53,0.67,1.05,14.1,1.97167,248.74231,15.82691,24.80336,13.90843
1941-01-01,10.55,0.67333,1.05333,14.1,1.95,249.21476,15.90564,24.88203,13.90416
1941-02-01,9.89,0.67667,1.05667,14.1,1.9925,233.62407,15.9844,24.96092,13.00294
1941-03-01,9.95,0.68,1.06,14.2,2.035,233.38618,15.95001,24.86325,12.95572
1941-04-01,9.64,0.68333,1.07,14.3,2.0775,224.53363,15.9161,24.9223,12.42937
1941-05-01,9.43,0.68667,1.08,14.4,2.12,218.11705,15.88269,24.98053,12.03721
1941-06-01,9.76,0.69,1.09,14.7,2.1625,221.14284,15.63407,24.69731,12.16431
1941-07-01,10.26,0.69333,1.12333,14.7,2.205,232.47188,15.70959,25.4525,12.745
1941-08-01,10.21,0.69667,1.15667,14.9,2.2475,228.23376,15.57325,25.85614,12.46317
1941-09-01,10.24,0.7,1.19,15.1,2.29,225.87253,15.4405,26.24886,12.27973
1941-10-01,9.83,0.70333,1.18,15.3,2.3325,213.99444,15.31123,25.68804,11.57781
1941-11-01,9.37,0.70667,1.17,15.4,2.375,202.65591,15.28391,25.30495,10.91167
1941-12-01,8.76,0.71,1.16,15.5,2.4175,188.24039,15.25693,24.92681,10.08659
1942-01-01,8.93,0.70333,1.12,15.7,2.46,189.44895,14.92113,23.76068,10.10169
1942-02-01,8.65,0.69667,1.08,15.8,2.46083,182.34734,14.68617,22.76707,9.68026
1942-03-01,8.18,0.69,1.04,16,2.46167,170.28395,14.36381,21.64979,9.00343
1942-04-01,7.84,0.68,1.02,16.1,2.4625,162.19243,14.06771,21.10157,8.54426
1942-05-01,7.93,0.67,1,16.3,2.46333,162.0414,13.69076,20.43397,8.50612
1942-06-01,8.33,0.66,0.98,16.3,2.46417,170.21499,13.48642,20.02529,8.90546
1942-07-01,8.64,0.64667,0.96667,16.4,2.465,175.473,13.1334,19.6324,9.15049
1942-08-01,8.59,0.63333,0.95333,16.5,2.46583,173.40021,12.78464,19.24425,9.01282
1942-09-01,8.68,0.62,0.94,16.5,2.46667,175.21698,12.5155,18.97511,9.07783
1942-10-01,9.32,0.61,0.97,16.7,2.4675,185.88307,12.16617,19.3462,9.59918
1942-11-01,9.47,0.6,1,16.8,2.46833,187.7505,11.89549,19.82582,9.66133
1942-12-01,9.52,0.59,1.03,16.9,2.46917,187.62498,11.62802,20.29976,9.61751
1943-01-01,10.09,0.59,1.04333,16.9,2.47,198.85882,11.62802,20.56248,10.15053
1943-02-01,10.69,0.59,1.05667,16.9,2.47083,210.68393,11.62802,20.82539,10.70898
1943-03-01,11.07,0.59,1.07,17.2,2.47167,214.36781,11.4252,20.72029,10.85054
1943-04-01,11.44,0.59,1.08,17.4,2.4725,218.98642,11.29388,20.67354,11.03923
1943-05-01,11.89,0.59,1.09,17.5,2.47333,226.29982,11.22934,20.74574,11.36222
1943-06-01,12.1,0.59,1.1,17.5,2.47417,230.29671,11.22934,20.93606,11.51674
1943-07-01,12.35,0.59333,1.09333,17.4,2.475,236.40579,11.35768,20.92871,11.77421
1943-08-01,11.74,0.59667,1.08667,17.3,2.47583,226.02808,11.48752,20.92146,11.21055
1943-09-01,11.99,0.6,1.08,17.4,2.47667,229.51461,11.4853,20.67354,11.33628
1943-10-01,11.88,0.60333,1.03333,17.4,2.4775,227.40897,11.5491,19.78018,11.18734
1943-11-01,11.33,0.60667,0.98667,17.4,2.47833,216.88078,11.61292,18.88695,10.63103
1943-12-01,11.48,0.61,0.94,17.4,2.47917,219.75211,11.67672,17.99364,10.73736
1944-01-01,11.85,0.61333,0.93667,17.4,2.48,226.83471,11.74052,17.92984,11.05241
1944-02-01,11.77,0.61667,0.93333,17.4,2.47083,225.30334,11.80434,17.86602,10.94792
1944-03-01,12.1,0.62,0.93,17.4,2.46167,231.62025,11.86815,17.80222,11.22469
1944-04-01,11.89,0.62333,0.92667,17.5,2.4525,226.29982,11.86376,17.63705,10.93828
1944-05-01,12.1,0.62667,0.92333,17.5,2.44333,230.29671,11.92722,17.5736,11.10374
1944-06-01,12.67,0.63,0.92,17.6,2.43417,239.77525,11.92253,17.41067,11.53279
1944-07-01,13,0.63333,0.91333,17.7,2.425,244.63044,11.91789,17.18685,11.73877
1944-08-01,12.81,0.63667,0.90667,17.7,2.41583,241.05507,11.98063,17.06141,11.54171
1944-09-01,12.6,0.64,0.9,17.7,2.40667,237.10335,12.04334,16.93595,11.32856
1944-10-01,12.91,0.64,0.91,17.7,2.3975,242.93684,12.04334,17.12413,11.58311
1944-11-01,12.82,0.64,0.92,17.7,2.38833,241.24325,12.04334,17.31231,11.47846
1944-12-01,13.1,0.64,0.93,17.8,2.37917,245.12731,11.97569,17.40217,11.63868
1945-01-01,13.49,0.64333,0.94,17.8,2.37,252.42499,12.03805,17.58929,11.96046
1945-02-01,13.94,0.64667,0.95,17.8,2.355,260.8454,12.10044,17.77641,12.34175
1945-03-01,13.93,0.65,0.96,17.8,2.34,260.65828,12.16281,17.96353,12.32331
1945-04-01,14.28,0.65,0.97333,17.8,2.325,267.20748,12.16281,18.21302,12.63187
1945-05-01,14.82,0.65,0.98667,17.9,2.31,275.76274,12.09486,18.35938,13.03656
1945-06-01,15.09,0.65,1,18.1,2.295,277.68414,11.96121,18.40186,13.13022
1945-07-01,14.78,0.65333,0.99667,18.1,2.28,271.97956,12.02255,18.34053,12.86703
1945-08-01,14.83,0.65667,0.99333,18.1,2.265,272.89965,12.0839,18.27918,12.91538
1945-09-01,15.84,0.66,0.99,18.1,2.25,291.48554,12.14523,18.21785,13.79826
1945-10-01,16.5,0.66,0.98,18.1,2.235,303.63077,12.14523,18.03383,14.37466
1945-11-01,17.04,0.66,0.97,18.1,2.22,313.56777,12.14523,17.84981,14.8477
1945-12-01,17.33,0.66,0.96,18.2,2.205,317.15209,12.0785,17.56873,15.02035
1946-01-01,18.02,0.66667,0.94,18.2,2.19,329.77961,12.20051,17.20271,15.62316
1946-02-01,18.07,0.67333,0.92,18.1,2.195,332.52169,12.39058,16.92972,15.76167
1946-03-01,17.53,0.68,0.9,18.3,2.2,319.05917,12.37651,16.38068,15.13487
1946-04-01,18.66,0.68,0.88,18.4,2.205,337.78023,12.30925,15.92961,16.04084
1946-05-01,18.7,0.68,0.86,18.5,2.21,336.67455,12.24271,15.48343,16.01372
1946-06-01,18.58,0.68,0.84,18.7,2.215,330.93638,12.11177,14.9616,15.77319
1946-07-01,18.05,0.68333,0.85667,19.8,2.22,303.63541,11.49496,14.41077,14.50814
1946-08-01,17.7,0.68667,0.87333,20.2,2.225,291.85175,11.32231,14.40021,13.98494
1946-09-01,15.09,0.69,0.89,20.4,2.23,246.37661,11.26573,14.53116,11.84127
1946-10-01,14.75,0.69667,0.94667,20.8,2.235,236.19413,11.15584,15.15913,11.3876
1946-11-01,14.69,0.70333,1.00333,21.3,2.24,229.71143,10.9982,15.68934,11.11004
1946-12-01,15.13,0.71,1.06,21.5,2.245,234.39097,10.99918,16.42131,11.37278
1947-01-01,15.21,0.71333,1.13,21.5,2.25,235.63031,11.05081,17.50574,11.4693
1947-02-01,15.8,0.71667,1.2,21.5,2.26583,244.77048,11.10246,18.59016,11.94957
1947-03-01,15.16,0.72,1.27,21.9,2.28167,230.56612,10.95037,19.31524,11.2879
1947-04-01,14.6,0.73333,1.32667,21.9,2.2975,222.04917,11.15315,20.17712,10.90083
1947-05-01,14.34,0.74667,1.38333,21.9,2.31333,218.09487,11.35594,21.03885,10.73367
1947-06-01,14.84,0.76,1.44,22,2.32917,224.67338,11.50618,21.80119,11.08272
1947-07-01,15.77,0.77,1.47667,22.2,2.345,236.60239,11.55256,22.15496,11.69645
1947-08-01,15.46,0.78,1.51333,22.5,2.36083,228.85867,11.54656,22.40224,11.33747
1947-09-01,15.06,0.79,1.55,23,2.37667,218.0909,11.44036,22.44627,10.82746
1947-10-01,15.45,0.80667,1.57,23,2.3925,223.73867,11.68172,22.7359,11.13266
1947-11-01,15.27,0.82333,1.59,23.1,2.40833,220.17473,11.87145,22.92586,10.97541
1947-12-01,15.03,0.84,1.61,23.4,2.42417,213.93583,11.95649,22.91661,10.68091
1948-01-01,14.83,0.84333,1.64333,23.7,2.44,208.41703,11.85199,23.09494,10.41934
1948-02-01,14.1,0.84667,1.67667,23.5,2.42917,199.84425,12.00011,23.76403,9.99976
1948-03-01,14.3,0.85,1.71,23.4,2.41833,203.54507,12.09883,24.34,10.18668
1948-04-01,15.4,0.85,1.76,23.8,2.4075,215.51831,11.89549,24.63066,10.77948
1948-05-01,16.15,0.85,1.81,23.9,2.39667,225.06866,11.84572,25.22441,11.24103
1948-06-01,16.82,0.85,1.86,24.1,2.38583,232.4606,11.74741,25.70611,11.5839
1948-07-01,16.42,0.85667,1.93,24.4,2.375,224.14225,11.69399,26.34559,11.13462
1948-08-01,15.94,0.86333,2,24.5,2.36417,216.70186,11.73688,27.18969,10.72356
1948-09-01,15.76,0.87,2.07,24.5,2.35333,214.25479,11.82752,28.14133,10.55301
1948-10-01,16.19,0.89,2.14333,24.4,2.3425,221.00262,12.149,29.25766,10.82541
1948-11-01,15.29,0.91,2.21667,24.2,2.33167,210.44205,12.52467,30.50887,10.2481
1948-12-01,15.19,0.93,2.29,24.1,2.32083,209.93321,12.85305,31.64892,10.15965
1949-01-01,15.36,0.94667,2.32,24,2.31,213.1672,13.13791,32.19713,10.24829
1949-02-01,14.77,0.96333,2.35,23.8,2.31083,206.70165,13.48155,32.88753,9.87252
1949-03-01,14.91,0.98,2.38,23.8,2.31167,208.66091,13.7148,33.30737,9.90133
1949-04-01,14.89,0.99333,2.38667,23.9,2.3125,207.50913,13.84323,33.26097,9.78364
1949-05-01,14.78,1.00667,2.39333,23.8,2.31333,206.8416,14.08804,33.49392,9.6923
1949-06-01,13.97,1.02,2.4,23.9,2.31417,194.68788,14.21486,33.44674,9.06772
1949-07-01,14.76,1.02667,2.39667,23.7,2.315,207.43327,14.42856,33.68219,9.60504
1949-08-01,15.29,1.03333,2.39333,23.8,2.31583,213.97889,14.46114,33.49392,9.85135
1949-09-01,15.49,1.04,2.39,23.9,2.31667,215.87081,14.49359,33.30738,9.88405
1949-10-01,15.89,1.07333,2.36667,23.7,2.3175,223.314,15.08431,33.26058,10.16985
1949-11-01,16.11,1.10667,2.34333,23.8,2.31833,225.45454,15.48751,32.79419,10.21586
1949-12-01,16.54,1.14,2.32,23.6,2.31917,233.43389,16.08916,32.74284,10.52933
1950-01-01,16.88,1.15,2.33667,23.5,2.32,239.24617,16.29935,33.11844,10.74573
1950-02-01,17.21,1.16,2.35333,23.5,2.34083,243.92337,16.44109,33.35457,10.91156
1950-03-01,17.35,1.17,2.37,23.6,2.36167,244.86566,16.51255,33.44851,10.91095
1950-04-01,17.84,1.18,2.42667,23.6,2.3825,251.78117,16.65369,34.24831,11.17802
1950-05-01,18.44,1.19,2.48333,23.7,2.40333,259.15105,16.72396,34.90009,11.46154
1950-06-01,18.74,1.2,2.54,23.8,2.42417,262.26059,16.79363,35.54653,11.55413
1950-07-01,17.38,1.24333,2.6,24.1,2.445,240.20007,17.18343,35.93327,10.53975
1950-08-01,18.43,1.28667,2.66,24.3,2.46583,252.61519,17.63605,36.45992,11.04061
1950-09-01,19.08,1.33,2.72,24.4,2.48667,260.45275,18.15525,37.12953,11.33739
1950-10-01,19.87,1.37667,2.76,24.6,2.5075,269.03152,18.63954,37.36925,11.66244
1950-11-01,19.83,1.42333,2.8,24.7,2.52833,267.40293,19.19327,37.75735,11.54217
1950-12-01,19.75,1.47,2.84,25,2.54917,263.12826,19.58474,37.83718,11.30667
1951-01-01,21.21,1.48667,2.83667,25.4,2.57,278.12969,19.49491,37.19765,11.89576
1951-02-01,22,1.50333,2.83333,25.7,2.57917,285.1215,19.48326,36.72015,12.14151
1951-03-01,21.63,1.52,2.83,25.8,2.58833,279.23974,19.62295,36.53483,11.84163
1951-04-01,21.92,1.53333,2.79333,25.8,2.5975,282.98359,19.79504,36.06143,11.9511
1951-05-01,21.93,1.54667,2.75667,25.9,2.60667,282.01959,19.89016,35.45075,11.86388
1951-06-01,21.55,1.56,2.72,25.9,2.61583,277.13279,20.06158,34.97917,11.61566
1951-07-01,21.93,1.54667,2.65,25.9,2.625,282.01959,19.89016,34.07897,11.77819
1951-08-01,22.89,1.53333,2.58,25.9,2.63417,294.36518,19.71861,33.17878,12.25699
1951-09-01,23.48,1.52,2.51,26.1,2.64333,299.63876,19.3974,32.03123,12.44495
1951-10-01,23.36,1.48333,2.48667,26.2,2.6525,296.96957,18.85719,31.61239,12.30946
1951-11-01,22.71,1.44667,2.46333,26.4,2.66167,286.51912,18.25181,31.07843,11.85203
1951-12-01,23.41,1.41,2.44,26.5,2.67083,294.23609,17.72204,30.66792,12.14707
1952-01-01,24.19,1.41333,2.42667,26.5,2.68,304.03977,17.76389,30.50038,12.52706
1952-02-01,23.75,1.41667,2.41333,26.3,2.6925,300.77953,17.94128,30.56338,12.36412
1952-03-01,23.81,1.42,2.4,26.3,2.705,301.53939,17.98345,30.39456,12.36234
1952-04-01,23.74,1.43,2.38,26.4,2.7175,299.51405,18.04149,30.0271,12.24273
1952-05-01,23.73,1.44,2.36,26.4,2.73,299.38788,18.16766,29.77477,12.20048
1952-06-01,24.38,1.45,2.34,26.5,2.7425,306.42785,18.22479,29.41104,12.44788
1952-07-01,25.08,1.45,2.34667,26.7,2.755,312.86478,18.08827,29.27394,12.66911
1952-08-01,25.18,1.45,2.35333,26.7,2.7675,314.11225,18.08827,29.35702,12.67838
1952-09-01,24.78,1.45,2.36,26.7,2.78,309.12238,18.08827,29.44023,12.43468
1952-10-01,24.26,1.43667,2.37333,26.7,2.7925,302.63555,17.92199,29.60651,12.13118
1952-11-01,25.03,1.42333,2.38667,26.7,2.805,312.24105,17.75558,29.77293,12.47347
1952-12-01,26.04,1.41,2.4,26.7,2.8175,324.84047,17.58929,29.93921,12.93396
1953-01-01,26.18,1.41,2.41,26.6,2.83,327.81469,17.65541,30.17698,13.01077
1953-02-01,25.86,1.41,2.42,26.5,2.80083,325.0297,17.72204,30.41655,12.85935
1953-03-01,25.99,1.41,2.43,26.6,2.77167,325.43559,17.65541,30.42741,12.83482
1953-04-01,24.71,1.41333,2.45667,26.6,2.83,309.40798,17.69711,30.76136,12.1639
1953-05-01,24.84,1.41667,2.48333,26.7,3.05,309.87086,17.67249,30.97873,12.14197
1953-06-01,23.95,1.42,2.51,26.8,3.11,297.65359,17.64794,31.19459,11.62441
1953-07-01,24.29,1.42,2.52333,26.8,2.93,301.87916,17.64794,31.36026,11.7502
1953-08-01,24.39,1.42,2.53667,26.9,2.95,301.99512,17.58233,31.40885,11.71508
1953-09-01,23.27,1.42,2.55,26.9,2.87,288.12737,17.58233,31.57391,11.13935
1953-10-01,23.97,1.43,2.53667,27,2.66,295.69547,17.64057,31.29253,11.39193
1953-11-01,24.5,1.44,2.52333,26.9,2.68,303.35713,17.82997,31.24368,11.64407
1953-12-01,24.83,1.45,2.51,26.9,2.59,307.44317,17.95379,31.07863,11.75445
1954-01-01,25.46,1.45667,2.52333,26.9,2.48,315.24378,18.03638,31.24368,12.00265
1954-02-01,26.02,1.46333,2.53667,26.9,2.47,322.17766,18.11884,31.40885,12.21505
1954-03-01,26.57,1.47,2.55,26.9,2.37,328.98772,18.20143,31.57391,12.42011
1954-04-01,27.63,1.46333,2.57333,26.8,2.29,343.38909,18.18645,31.98167,12.90787
1954-05-01,28.73,1.45667,2.59667,26.9,2.37,355.73267,18.03638,32.15177,13.31204
1954-06-01,28.96,1.45,2.62,26.9,2.38,358.58051,17.95379,32.44064,13.35789
1954-07-01,30.13,1.45667,2.62333,26.9,2.3,373.06736,18.03638,32.48187,13.83301
1954-08-01,30.73,1.46333,2.62667,26.9,2.36,380.49652,18.11884,32.52323,14.04211
1954-09-01,31.45,1.47,2.63,26.8,2.38,390.86453,18.26934,32.68597,14.35647
1954-10-01,32.18,1.49333,2.67667,26.8,2.43,399.93706,18.55929,33.26599,14.61923
1954-11-01,33.44,1.51667,2.72333,26.8,2.48,415.5965,18.84936,33.84589,15.11731
1954-12-01,34.97,1.54,2.77,26.7,2.51,436.23929,19.211,34.55484,15.78906
1955-01-01,35.6,1.54667,2.83333,26.7,2.61,444.09833,19.2942,35.34486,15.99078
1955-02-01,36.79,1.55333,2.89667,26.7,2.65,458.94319,19.37728,36.13501,16.43773
1955-03-01,36.5,1.56,2.96,26.7,2.68,455.32554,19.46049,36.92503,16.21928
1955-04-01,37.76,1.56333,3.04667,26.7,2.75,471.04363,19.50203,38.00621,16.68527
1955-05-01,37.6,1.56667,3.13333,26.7,2.76,469.04768,19.54369,39.08726,16.51806
1955-06-01,39.78,1.57,3.22,26.7,2.78,496.24246,19.58524,40.16844,17.37009
1955-07-01,42.69,1.58667,3.29333,26.8,2.9,530.55666,19.71933,40.92992,18.45403
1955-08-01,42.43,1.60333,3.36667,26.8,2.97,527.32534,19.92639,41.8414,18.22233
1955-09-01,44.34,1.62,3.44,26.9,2.97,549.0145,20.05872,42.59382,18.84396
1955-10-01,42.11,1.62667,3.5,26.9,2.88,521.40281,20.1413,43.33673,17.77233
1955-11-01,44.95,1.63333,3.56,26.9,2.89,556.56747,20.22377,44.07965,18.83556
1955-12-01,45.37,1.64,3.62,26.8,2.96,563.86403,20.38212,44.98981,18.94237
1956-01-01,44.15,1.67,3.64333,26.8,2.9,548.70172,20.75497,45.27976,18.29259
1956-02-01,44.43,1.7,3.66667,26.8,2.84,552.18159,21.12781,45.56983,18.26612
1956-03-01,47.49,1.73,3.69,26.8,2.96,590.21166,21.50066,45.85978,19.37121
1956-04-01,48.05,1.75333,3.66,26.9,3.18,594.95144,21.7096,45.31784,19.37059
1956-05-01,46.54,1.77667,3.63,27,3.07,574.12046,21.91712,44.77992,18.54451
1956-06-01,46.27,1.8,3.6,27.2,3,566.59274,22.04165,44.08329,18.15816
1956-07-01,48.78,1.81333,3.55333,27.4,3.11,592.96852,22.0428,43.1942,18.8568
1956-08-01,48.49,1.82667,3.50667,27.3,3.33,591.60242,22.28629,42.78314,18.67094
1956-09-01,46.84,1.84,3.46,27.4,3.38,569.38593,22.367,42.05968,17.83664
1956-10-01,46.24,1.80667,3.44333,27.5,3.34,560.04837,21.88198,41.70483,17.41895
1956-11-01,45.76,1.77333,3.42667,27.5,3.49,554.23472,21.47817,41.50305,17.12034
1956-12-01,46.44,1.74,3.41,27.6,3.59,560.43279,20.99813,41.1515,17.19752
1957-01-01,45.43,1.73667,3.40667,27.6,3.46,548.24422,20.95794,41.11132,16.71778
1957-02-01,43.47,1.73333,3.40333,27.7,3.34,522.69733,20.84212,40.92274,15.84373
1957-03-01,44.03,1.73,3.4,27.8,3.41,527.52652,20.72725,40.73564,15.90042
1957-04-01,45.05,1.73,3.40667,27.9,3.48,537.81263,20.65296,40.66926,16.1237
1957-05-01,46.78,1.73,3.41333,28,3.6,556.47107,20.5792,40.60324,16.59811
1957-06-01,47.55,1.73,3.42,28.1,3.8,563.61768,20.50596,40.5378,16.72992
1957-07-01,48.51,1.74,3.43667,28.3,3.93,570.93313,20.47874,40.44751,16.86888
1957-08-01,45.84,1.75,3.45333,28.3,3.93,539.50886,20.59643,40.64359,15.86894
1957-09-01,43.98,1.76,3.47,28.3,3.92,517.61779,20.71413,40.83978,15.15727
1957-10-01,41.24,1.77,3.43667,28.3,3.97,485.36966,20.83182,40.44751,14.14945
1957-11-01,40.35,1.78,3.40333,28.4,3.72,473.22274,20.87575,39.91408,13.73624
1957-12-01,40.33,1.79,3.37,28.4,3.21,472.98818,20.99303,39.52319,13.67325
1958-01-01,41.12,1.78333,3.29333,28.6,3.09,478.88086,20.76855,38.35391,13.78843
1958-02-01,41.26,1.77667,3.21667,28.6,3.05,480.51129,20.69098,37.46113,13.78491
1958-03-01,42.11,1.77,3.14,28.8,2.98,487.00471,20.47016,36.31429,13.92559
1958-04-01,42.34,1.75667,3.07,28.9,2.88,487.97033,20.2457,35.38188,13.9135
1958-05-01,43.7,1.74333,3,28.9,2.92,503.64439,20.09195,34.57513,14.32382
1958-06-01,44.75,1.73,2.93,28.9,2.97,515.74569,19.93832,33.76838,14.63556
1958-07-01,45.98,1.73,2.91333,29,3.2,528.09417,19.86957,33.46047,14.95746
1958-08-01,47.7,1.73,2.89667,28.9,3.54,549.74456,19.93832,33.38425,15.54457
1958-09-01,48.96,1.73,2.88,28.9,3.76,564.26612,19.93832,33.19212,15.93192
1958-10-01,50.95,1.73667,2.88333,28.9,3.8,587.20095,20.0152,33.2305,16.5598
1958-11-01,52.5,1.74333,2.88667,29,3.74,602.97834,20.02267,33.15428,16.98888
1958-12-01,53.49,1.75,2.89,28.9,3.86,616.47456,20.16883,33.30738,17.35836
1959-01-01,55.62,1.75667,2.96333,29,4.02,638.81248,20.17588,34.03474,17.98034
1959-02-01,54.77,1.76333,3.03667,28.9,3.96,631.22662,20.32245,34.99775,17.75917
1959-03-01,56.16,1.77,3.11,28.9,3.99,647.24643,20.39933,35.84288,18.20087
1959-04-01,57.1,1.77667,3.20667,29,4.12,655.81073,20.40559,36.82957,18.43075
1959-05-01,57.96,1.78333,3.30333,29,4.31,665.68809,20.48208,37.93974,18.69272
1959-06-01,57.46,1.79,3.4,29.1,4.34,657.67758,20.48804,38.91583,18.44859
1959-07-01,59.74,1.79667,3.41,29.2,4.4,681.43239,20.49396,38.89663,19.09053
1959-08-01,59.4,1.80333,3.42,29.2,4.43,677.55414,20.56993,39.01069,18.9588
1959-09-01,57.05,1.81,3.43,29.3,4.68,648.52756,20.57555,38.99123,18.12329
1959-10-01,57,1.81667,3.41667,29.4,4.53,645.75523,20.58113,38.70759,18.02196
1959-11-01,57.23,1.82333,3.40333,29.4,4.53,648.36091,20.65658,38.55646,18.07179
1959-12-01,59.06,1.83,3.39,29.4,4.69,669.09305,20.73214,38.40544,18.62473
1960-01-01,58.03,1.86667,3.39,29.3,4.72,659.66791,21.21975,38.53652,18.33828
1960-02-01,55.78,1.90333,3.39,29.4,4.49,631.9338,21.5629,38.40544,17.54528
1960-03-01,55.02,1.94,3.39,29.4,4.25,623.32373,21.97834,38.40544,17.28602
1960-04-01,55.73,1.94333,3.34667,29.5,4.28,629.22712,21.94143,37.78603,17.42977
1960-05-01,55.22,1.94667,3.30333,29.5,4.35,623.4689,21.97914,37.2967,17.25617
1960-06-01,57.26,1.95,3.26,29.6,4.15,644.31767,21.94236,36.68312,17.82336
1960-07-01,55.84,1.95,3.26333,29.6,3.9,628.33913,21.94236,36.72059,17.37681
1960-08-01,56.51,1.95,3.26667,29.6,3.8,635.8783,21.94236,36.75818,17.58211
1960-09-01,54.81,1.95,3.27,29.6,3.8,616.74906,21.94236,36.79565,17.05202
1960-10-01,53.73,1.95,3.27,29.8,3.89,600.53868,21.79509,36.5487,16.6051
1960-11-01,55.47,1.95,3.27,29.8,3.93,619.98661,21.79509,36.5487,17.14609
1960-12-01,56.8,1.95,3.27,29.8,3.84,634.85198,21.79509,36.5487,17.56209
1961-01-01,59.72,1.94667,3.21,29.8,3.84,667.48874,21.75788,35.87808,18.47042
1961-02-01,62.17,1.94333,3.15,29.8,3.78,694.87232,21.72054,35.20746,19.23401
1961-03-01,64.12,1.94,3.09,29.8,3.74,716.66741,21.68332,34.53684,19.84423
1961-04-01,65.83,1.94,3.07,29.8,3.78,735.78003,21.68332,34.3133,20.38284
1961-05-01,66.5,1.94,3.05,29.8,3.71,743.2686,21.68332,34.08976,20.59861
1961-06-01,65.62,1.94,3.03,29.8,3.88,733.43287,21.68332,33.86622,20.33241
1961-07-01,65.44,1.94667,3.03667,30,3.92,726.54487,21.61282,33.7145,20.14664
1961-08-01,67.79,1.95333,3.04333,29.9,4.04,755.15283,21.7593,33.90145,20.94169
1961-09-01,67.26,1.96,3.05,30,3.98,746.75135,21.76082,33.8625,20.70524
1961-10-01,68,1.98,3.09667,30,3.92,754.96717,21.98287,34.38065,20.92419
1961-11-01,71.08,2,3.14333,30,3.94,789.16274,22.20492,34.89869,21.85796
1961-12-01,71.74,2.02,3.19,30,4.06,796.49036,22.42697,35.41684,22.04148
1962-01-01,69.07,2.02667,3.25,30,4.08,766.8468,22.50102,36.08299,21.19793
1962-02-01,70.22,2.03333,3.31,30.1,4.04,777.02454,22.49996,36.62705,21.45169
1962-03-01,70.29,2.04,3.37,30.1,3.93,777.79913,22.57377,37.29098,21.44316
1962-04-01,68.05,2.04667,3.40333,30.2,3.84,750.51883,22.57258,37.5351,20.65834
1962-05-01,62.99,2.05333,3.43667,30.2,3.87,694.71243,22.64604,37.9028,19.08937
1962-06-01,55.63,2.06,3.47,30.2,3.91,613.53949,22.7196,38.27039,16.82757
1962-07-01,56.97,2.06667,3.49,30.3,4.01,626.24461,22.71794,38.36394,17.14133
1962-08-01,58.52,2.07333,3.51,30.3,3.98,643.28303,22.79115,38.58379,17.57126
1962-09-01,58,2.08,3.53,30.4,3.98,635.46965,22.78926,38.676,17.32146
1962-10-01,56.17,2.09667,3.57667,30.4,3.93,615.41949,22.9719,39.18733,16.73982
1962-11-01,60.04,2.11333,3.62333,30.4,3.92,657.82066,23.15443,39.69856,17.85439
1962-12-01,62.64,2.13,3.67,30.4,3.86,686.30723,23.33708,40.20989,18.58584
1963-01-01,65.06,2.13667,3.68333,30.4,3.83,712.82165,23.41015,40.35594,19.25923
1963-02-01,65.92,2.14333,3.69667,30.4,3.92,722.24413,23.48312,40.5021,19.46919
1963-03-01,65.67,2.15,3.71,30.5,3.93,717.14601,23.47897,40.51487,19.28806
1963-04-01,68.76,2.16667,3.75333,30.5,3.97,750.8902,23.66101,40.98806,20.15008
1963-05-01,70.14,2.18333,3.79667,30.5,3.93,765.96042,23.84295,41.46135,20.50759
1963-06-01,70.11,2.2,3.84,30.6,3.99,763.13074,23.94648,41.79749,20.38415
1963-07-01,69.07,2.20333,3.88,30.7,4.02,749.36169,23.90461,42.09531,19.96923
1963-08-01,70.98,2.20667,3.92,30.7,4,770.08387,23.94084,42.52929,20.47264
1963-09-01,72.85,2.21,3.96,30.7,4.08,790.37207,23.97697,42.96326,20.96036
1963-10-01,73.03,2.23333,3.98,30.8,4.11,789.75247,24.15142,43.04005,20.89134
1963-11-01,72.62,2.25667,4,30.8,4.12,785.31869,24.40382,43.25633,20.7204
1963-12-01,74.17,2.28,4.02,30.9,4.13,799.48479,24.57632,43.33192,21.0386
1964-01-01,76.45,2.29667,4.07333,30.9,4.17,824.06111,24.756,43.90677,21.62722
1964-02-01,77.39,2.31333,4.12667,30.9,4.15,834.19345,24.93558,44.48173,21.83267
1964-03-01,78.8,2.33,4.18,30.9,4.22,849.39196,25.11527,45.05658,22.16725
1964-04-01,79.94,2.34667,4.23,30.9,4.23,861.68012,25.29496,45.59553,22.42219
1964-05-01,80.72,2.36333,4.28,30.9,4.2,870.0878,25.47454,46.13449,22.57433
1964-06-01,80.24,2.38,4.33,31,4.17,862.1238,25.57147,46.52288,22.30029
1964-07-01,83.22,2.4,4.37667,31.1,4.19,891.2668,25.70344,46.87312,22.98435
1964-08-01,82,2.42,4.42333,31,4.19,881.03379,26.00124,47.52565,22.65041
1964-09-01,83.41,2.44,4.47,31.1,4.2,893.30166,26.13183,47.87266,22.89222
1964-10-01,84.85,2.46,4.49667,31.1,4.19,908.72372,26.34603,48.15829,23.21215
1964-11-01,85.44,2.48,4.52333,31.2,4.15,912.10965,26.47509,48.28854,23.22502
1964-12-01,83.96,2.5,4.55,31.2,4.18,896.31,26.6886,48.57326,22.75298
1965-01-01,86.12,2.51667,4.59333,31.2,4.19,919.36895,26.86656,49.03582,23.26934
1965-02-01,86.75,2.53333,4.63667,31.2,4.21,926.09448,27.04441,49.4985,23.37207
1965-03-01,86.83,2.55,4.68,31.3,4.21,923.98702,27.1354,49.80144,23.25353
1965-04-01,87.97,2.57,4.73333,31.4,4.2,933.13687,27.26113,50.20853,23.42055
1965-05-01,89.28,2.59,4.78667,31.4,4.21,947.03262,27.47328,50.77434,23.70881
1965-06-01,85.04,2.61,4.84,31.6,4.21,896.34784,27.51021,51.01509,22.38534
1965-07-01,84.91,2.62667,4.88667,31.6,4.2,894.9776,27.68591,51.50701,22.30078
1965-08-01,86.49,2.64333,4.93333,31.6,4.25,911.63129,27.86151,51.99882,22.66597
1965-09-01,89.38,2.66,4.98,31.6,4.29,942.09278,28.03722,52.49074,23.37415
1965-10-01,91.39,2.68,5.05,31.7,4.35,960.24006,28.15892,53.06064,23.77575
1965-11-01,92.15,2.7,5.12,31.7,4.45,968.22543,28.36906,53.79614,23.92546
1965-12-01,91.73,2.72,5.19,31.8,4.62,960.78161,28.48933,54.36015,23.69411
1966-01-01,93.32,2.74,5.24,31.8,4.61,977.43529,28.69881,54.88385,24.05848
1966-02-01,92.69,2.76,5.29,32,4.83,964.76893,28.72761,55.06125,23.70003
1966-03-01,88.88,2.78,5.34,32.1,4.87,922.23037,28.84564,55.40853,22.61111
1966-04-01,91.6,2.79667,5.38,32.3,4.75,944.56828,28.83893,55.47792,23.1137
1966-05-01,86.78,2.81333,5.42,32.3,4.78,894.86502,29.01072,55.89039,21.85218
1966-06-01,86.06,2.83,5.46,32.4,4.81,884.70145,29.09255,56.12909,21.55525
1966-07-01,85.84,2.85,5.47667,32.5,5.02,879.72464,29.20801,56.12723,21.3817
1966-08-01,80.65,2.87,5.49333,32.7,5.22,821.48006,29.23308,55.95364,19.9139
1966-09-01,77.81,2.89,5.51,32.7,5.18,792.55255,29.43679,56.12344,19.16168
1966-10-01,77.13,2.88333,5.52333,32.9,5.01,780.85041,29.19032,55.91721,18.82541
1966-11-01,80.99,2.87667,5.53667,32.9,5.16,819.92836,29.1229,56.05226,19.71125
1966-12-01,81.33,2.87,5.55,32.9,4.84,823.37046,29.05537,56.18721,19.73647
1967-01-01,84.45,2.88,5.51667,32.9,4.58,854.95678,29.15661,55.84979,20.43224
1967-02-01,87.36,2.89,5.48333,32.9,4.63,884.41711,29.25785,55.51226,21.07444
1967-03-01,89.42,2.9,5.45,33,4.54,902.52893,29.27012,55.00763,21.4439
1967-04-01,90.96,2.9,5.41,33.1,4.59,915.29874,29.18169,54.43894,21.68603
1967-05-01,92.59,2.9,5.37,33.2,4.85,928.89453,29.09379,53.87368,21.94848
1967-06-01,91.43,2.9,5.33,33.3,5.02,914.50249,29.00642,53.3118,21.5521
1967-07-01,93.01,2.90667,5.32,33.4,5.16,927.52064,28.98609,53.05247,21.8042
1967-08-01,94.49,2.91333,5.31,33.5,5.28,939.46682,28.96578,52.79467,22.03063
1967-09-01,95.81,2.92,5.3,33.6,5.3,949.75583,28.94569,52.53842,22.21915
1967-10-01,95.66,2.92,5.31,33.7,5.48,945.45504,28.8598,52.48135,22.0682
1967-11-01,92.66,2.92,5.32,33.8,5.75,913.09508,28.77442,52.42463,21.2631
1967-12-01,95.3,2.92,5.33,33.9,5.7,936.34007,28.68954,52.36823,21.7516
1968-01-01,95.04,2.93,5.36667,34.1,5.53,928.30877,28.61895,52.41926,21.51154
1968-02-01,90.75,2.94,5.40333,34.2,5.56,883.81412,28.63266,52.62302,20.42499
1968-03-01,89.09,2.95,5.44,34.3,5.74,865.1178,28.64628,52.82569,19.93471
1968-04-01,95.67,2.96333,5.48333,34.4,5.64,926.31296,28.69208,53.09167,21.27736
1968-05-01,97.87,2.97667,5.52667,34.5,5.87,944.86748,28.7377,53.35619,21.63023
1968-06-01,100.5,2.99,5.57,34.7,5.72,964.66605,28.70001,53.46458,22.00462
1968-07-01,100.3,3.00333,5.6,34.9,5.5,957.22914,28.66276,53.4445,21.75354
1968-08-01,98.11,3.01667,5.63,35,5.42,933.6533,28.70782,53.57729,21.13777
1968-09-01,101.3,3.03,5.66,35.1,5.46,961.26413,28.75252,53.70933,21.68028
1968-10-01,103.8,3.04333,5.69333,35.3,5.58,979.40666,28.71539,53.71951,22.00461
1968-11-01,105.4,3.05667,5.72667,35.4,5.7,991.69416,28.75979,53.88145,22.19553
1968-12-01,106.5,3.07,5.76,35.5,6.03,999.22125,28.80384,54.04239,22.27787
1969-01-01,102,3.08,5.78,35.6,6.04,954.31243,28.81649,54.0777,21.19497
1969-02-01,101.5,3.09,5.8,35.8,6.19,944.32921,28.74854,53.96167,20.89573
1969-03-01,99.3,3.1,5.82,36.1,6.3,916.18347,28.6019,53.69776,20.20229
1969-04-01,101.3,3.11,5.82667,36.3,6.17,929.4868,28.53607,53.46311,20.42861
1969-05-01,104.6,3.12,5.83333,36.4,6.32,957.12951,28.54918,53.37717,20.97226
1969-06-01,99.14,3.13,5.84,36.6,6.57,902.21125,28.48418,53.14619,19.71334
1969-07-01,94.71,3.13667,5.85667,36.8,6.72,857.21236,28.38974,53.00823,18.68171
1969-08-01,94.18,3.14333,5.87333,37,6.69,847.80772,28.29624,52.87168,18.42952
1969-09-01,94.51,3.15,5.89,37.1,7.16,848.48518,28.27985,52.87882,18.39805
1969-10-01,95.52,3.15333,5.85333,37.3,7.1,852.95455,28.15795,52.26784,18.44866
1969-11-01,96.21,3.15667,5.81667,37.5,7.14,854.53401,28.03744,51.66347,18.43776
1969-12-01,91.11,3.16,5.78,37.7,7.65,804.94295,27.91812,51.06542,17.32693
1970-01-01,90.31,3.16333,5.73,37.8,7.79,795.7643,27.8736,50.48975,17.09054
1970-02-01,87.16,3.16667,5.68,38,7.24,763.966,27.75618,49.78576,16.37259
1970-03-01,88.65,3.17,5.63,38.2,7.07,772.9578,27.63989,49.08914,16.53169
1970-04-01,85.95,3.17333,5.59333,38.5,7.39,743.57633,27.45332,48.38939,15.87307
1970-05-01,76.06,3.17667,5.55667,38.6,7.91,656.31061,27.41102,47.94769,13.98384
1970-06-01,75.59,3.18,5.52,38.8,7.84,648.89291,27.29831,47.38575,13.79969
1970-07-01,75.72,3.18333,5.46667,39,7.46,646.6755,27.18676,46.68729,13.7265
1970-08-01,77.92,3.18667,5.41333,39,7.53,665.46427,27.21529,46.23175,14.10046
1970-09-01,82.58,3.19,5.36,39.2,7.39,701.66404,27.10473,45.54274,14.84266
1970-10-01,84.37,3.17333,5.28333,39.4,7.33,713.23432,26.82622,44.66341,15.06419
1970-11-01,84.28,3.15667,5.20667,39.6,6.84,708.87514,26.5506,43.79306,14.95076
1970-12-01,90.05,3.14,5.13,39.8,6.39,753.60028,26.27768,42.93137,15.87384
1971-01-01,93.49,3.13,5.16,39.8,6.24,782.38857,26.19399,43.18243,16.46179
1971-02-01,97.11,3.12,5.19,39.9,6.11,810.64641,26.04486,43.32463,17.03453
1971-03-01,99.6,3.11,5.22,40,5.7,829.35364,25.89648,43.46612,17.4029
1971-04-01,103,3.10667,5.25333,40.1,5.83,855.52609,25.80425,43.63457,17.92411
1971-05-01,101.6,3.10333,5.28667,40.3,6.39,839.7095,25.64858,43.69357,17.56415
1971-06-01,99.72,3.1,5.32,40.6,6.52,818.08163,25.43174,43.64415,17.08317
1971-07-01,99,3.09667,5.35667,40.7,6.73,810.17939,25.342,43.83701,16.88941
1971-08-01,97.24,3.09333,5.39333,40.8,6.58,793.82577,25.25262,44.02884,16.51945
1971-09-01,99.4,3.09,5.43,40.8,6.14,811.45909,25.22544,44.3282,16.85679
1971-10-01,97.29,3.08333,5.52,40.9,5.93,792.29206,25.10944,44.95274,16.42886
1971-11-01,92.78,3.07667,5.61,40.9,5.81,755.56436,25.05521,45.68567,15.63871
1971-12-01,99.17,3.07,5.7,41.1,5.93,803.67211,24.87923,46.19271,16.60356
1972-01-01,103.3,3.07,5.73667,41.1,5.95,837.14157,24.87923,46.48988,17.263
1972-02-01,105.2,3.07,5.77333,41.3,6.08,848.41062,24.75875,46.5604,17.46415
1972-03-01,107.7,3.07,5.81,41.4,6.07,866.47447,24.69895,46.74296,17.80564
1972-04-01,108.8,3.07,5.86333,41.5,6.19,873.21504,24.63943,47.05834,17.91516
1972-05-01,107.7,3.07,5.91667,41.6,6.13,862.30872,24.5802,47.37229,17.66265
1972-06-01,108,3.07,5.97,41.7,6.11,862.63705,24.52126,47.68466,17.64086
1972-07-01,107.2,3.07333,6.02667,41.9,6.11,852.16005,24.43068,47.90753,17.39869
1972-08-01,111,3.07667,6.08333,42,6.21,880.26634,24.399,48.2428,17.9434
1972-09-01,109.4,3.08,6.14,42.1,6.55,865.51706,24.36739,48.57655,17.61385
1972-10-01,109.6,3.10333,6.23333,42.3,6.48,862.9996,24.43588,49.08176,17.53318
1972-11-01,115.1,3.12667,6.32667,42.4,6.28,904.16954,24.5616,49.69924,18.33889
1972-12-01,117.5,3.15,6.42,42.5,6.36,920.85096,24.68664,50.31373,18.64572
1973-01-01,118.4,3.15667,6.54667,42.6,6.46,925.7261,24.68084,51.18601,18.71253
1973-02-01,114.2,3.16333,6.67333,42.9,6.64,886.64388,24.55996,51.81145,17.88989
1973-03-01,112.4,3.17,6.8,43.3,6.71,864.60715,24.38438,52.30719,17.41214
1973-04-01,110.3,3.18667,6.94333,43.6,6.67,842.61547,24.34395,53.04222,16.93574
1973-05-01,107.2,3.20333,7.08667,43.9,6.85,813.33727,24.30399,53.76728,16.31434
1973-06-01,104.8,3.22,7.23,44.2,6.9,789.73143,24.26465,54.48243,15.80832
1973-07-01,105.8,3.23667,7.38333,44.3,7.13,795.46733,24.33521,55.51227,15.88952
1973-08-01,103.8,3.25333,7.53667,45.1,7.4,766.58659,24.02658,55.66002,15.2785
1973-09-01,105.6,3.27,7.69,45.2,7.09,778.1546,24.09626,56.66675,15.47531
1973-10-01,109.8,3.30667,7.84667,45.6,6.79,802.00653,24.15274,57.31403,15.91352
1973-11-01,102,3.34333,8.00333,45.9,6.73,740.16389,24.2609,58.07623,14.65185
1973-12-01,94.78,3.38,8.16,46.2,6.74,683.30584,24.36773,58.82861,13.49333
1974-01-01,96.11,3.4,8.22667,46.6,6.99,686.94674,24.30152,58.80017,13.53072
1974-02-01,93.45,3.42,8.29333,47.2,6.96,659.44369,24.13373,58.5231,12.95732
1974-03-01,97.44,3.44,8.36,47.8,7.21,678.96875,23.97016,58.25307,13.31036
1974-04-01,92.46,3.46,8.48667,48,7.51,641.58331,24.00907,58.88931,12.55041
1974-05-01,89.67,3.48,8.61333,48.6,7.58,614.54163,23.84973,59.03033,11.99544
1974-06-01,89.79,3.5,8.74,49,7.54,610.34065,23.79098,59.40948,11.8885
1974-07-01,79.31,3.53,8.86333,49.4,7.81,534.73844,23.80061,59.75997,10.39414
1974-08-01,76.03,3.56,8.98667,50,8.04,506.47194,23.71485,59.86448,9.8242
1974-09-01,68.12,3.59,9.11,50.6,8.04,448.39889,23.63112,59.96644,8.68042
1974-10-01,69.44,3.59333,9.03667,51.1,7.9,452.61529,23.4216,58.90171,8.74498
1974-11-01,71.74,3.59667,8.96333,51.5,7.68,463.97497,23.26129,57.9699,8.94898
1974-12-01,67.07,3.6,8.89,51.9,7.43,430.42883,23.10338,57.05252,8.28906
1975-01-01,72.56,3.62333,8.74333,52.1,7.5,463.87392,23.16384,55.89585,8.921
1975-02-01,80.1,3.64667,8.59667,52.5,7.39,508.17538,23.13543,54.53953,9.76225
1975-03-01,83.78,3.67,8.45,52.7,7.73,529.5051,23.19508,53.40556,10.1638
1975-04-01,84.72,3.68333,8.28667,52.9,8.23,533.4217,23.19131,52.17528,10.23308
1975-05-01,90.1,3.69667,8.12333,53.2,8.06,564.09671,23.14406,50.85842,10.81814
1975-06-01,92.4,3.71,7.96,53.6,7.86,574.17937,23.05417,49.46394,11.01135
1975-07-01,92.49,3.71,7.89333,54.2,8.06,568.37622,22.79896,48.50666,10.90277
1975-08-01,85.71,3.71,7.82667,54.3,8.4,525.74127,22.75697,48.00844,10.08977
1975-09-01,84.67,3.71,7.76,54.6,8.43,516.50832,22.63193,47.33795,9.91891
1975-10-01,88.57,3.7,7.82667,54.9,8.14,537.34685,22.44759,47.48376,10.3276
1975-11-01,90.07,3.69,7.89333,55.3,8.05,542.49462,22.22499,47.54179,10.43586
1975-12-01,88.7,3.68,7.96,55.5,8,532.31787,22.08489,47.77058,10.25037
1976-01-01,96.86,3.68333,8.19333,55.6,7.74,580.24323,22.06512,49.08243,11.18505
1976-02-01,100.6,3.68667,8.42667,55.8,7.79,600.4878,22.00597,50.29933,11.58609
1976-03-01,101.1,3.69,8.66,55.9,7.73,602.39278,21.98644,51.59962,11.63175
1976-04-01,101.9,3.71333,8.85667,56.1,7.56,604.99492,22.04657,52.58332,11.68916
1976-05-01,101.2,3.73667,9.05333,56.5,7.9,596.58519,22.02808,53.37038,11.53205
1976-06-01,101.8,3.76,9.25,56.8,7.86,596.9526,22.04854,54.24176,11.54384
1976-07-01,104.2,3.79,9.35,57.1,7.83,607.81585,22.1077,54.5401,11.75749
1976-08-01,103.3,3.82,9.45,57.4,7.77,599.4167,22.16623,54.83531,11.59799
1976-09-01,105.5,3.85,9.55,57.6,7.59,610.05696,22.26274,55.22317,11.80599
1976-10-01,101.9,3.91667,9.67,57.9,7.41,586.18679,22.53091,55.62734,11.3457
1976-11-01,101.2,3.98333,9.79,58,7.29,581.15627,22.87487,56.22055,11.24886
1976-12-01,104.7,4.05,9.91,58.2,6.87,599.18937,23.17781,56.7141,11.59759
1977-01-01,103.8,4.09667,9.96667,58.5,7.21,590.9924,23.32467,56.74592,11.43796
1977-02-01,101,4.14333,10.0233,59.1,7.39,569.21233,23.35084,56.48897,11.01484
1977-03-01,100.6,4.19,10.08,59.5,7.46,563.14654,23.45511,56.42661,10.89575
1977-04-01,99.05,4.24667,10.1933,60,7.37,549.84925,23.57424,56.58534,10.63604
1977-05-01,98.76,4.30333,10.3067,60.3,7.46,545.51183,23.76992,56.9302,10.54849
1977-06-01,99.29,4.36,10.42,60.7,7.28,544.82525,23.92424,57.17675,10.53002
1977-07-01,100.2,4.40667,10.5167,61,7.33,547.11459,24.06141,57.42355,10.56769
1977-08-01,97.75,4.45333,10.6133,61.2,7.4,531.9928,24.23672,57.76163,10.26839
1977-09-01,96.23,4.5,10.71,61.4,7.34,522.01445,24.41094,58.09804,10.06774
1977-10-01,93.74,4.55667,10.77,61.6,7.52,506.85606,24.6381,58.23384,9.76667
1977-11-01,94.28,4.61333,10.83,61.9,7.58,507.30522,24.82357,58.27445,9.7663
1977-12-01,93.82,4.67,10.89,62.1,7.69,503.20417,25.04758,58.40859,9.67827
1978-01-01,90.25,4.71333,10.9,62.5,7.96,480.95849,25.11818,58.08806,9.24146
1978-02-01,88.98,4.75667,10.91,62.9,8.03,471.17492,25.18795,57.77162,9.04526
1978-03-01,88.82,4.8,10.92,63.4,8.04,466.61846,25.21694,57.36854,8.95042
1978-04-01,92.71,4.83667,11.0233,63.9,8.15,483.24362,25.21076,57.45809,9.26259
1978-05-01,97.41,4.87333,11.1267,64.5,8.35,503.01882,25.16556,57.45755,9.63491
1978-06-01,97.66,4.91,11.23,65.2,8.46,498.89544,25.0827,57.36838,9.54968
1978-07-01,97.19,4.94667,11.3433,65.7,8.64,492.71595,25.07772,57.50617,9.42552
1978-08-01,103.9,4.98333,11.4567,66,8.41,524.33883,25.14873,57.81706,10.02397
1978-09-01,103.9,5.02,11.57,66.5,8.42,520.39643,25.14331,57.94982,9.94189
1978-10-01,100.6,5.03667,11.8233,67.1,8.64,499.36243,25.00123,58.68898,9.53361
1978-11-01,94.71,5.05333,12.0767,67.4,8.81,468.03286,24.97228,59.68,8.92842
1978-12-01,96.11,5.07,12.33,67.7,9.01,472.84665,24.94363,60.66173,9.01194
1979-01-01,99.71,5.11333,12.6533,68.3,9.1,486.24866,24.93581,61.70545,9.25764
1979-02-01,98.23,5.15667,12.9767,69.1,9.1,473.4853,24.85603,62.5499,9.00374
1979-03-01,100.1,5.2,13.3,69.8,9.12,477.66021,24.81352,63.46534,9.07079
1979-04-01,102.1,5.24667,13.5267,70.6,9.18,481.68314,24.75252,63.8157,9.13306
1979-05-01,99.73,5.29333,13.7533,71.5,9.25,464.57965,24.65831,64.06802,8.79438
1979-06-01,101.7,5.34,13.98,72.3,8.91,468.51453,24.60047,64.40347,8.85394
1979-07-01,102.7,5.39667,14.1967,73.1,8.95,467.94356,24.58945,64.68602,8.8275
1979-08-01,107.4,5.45333,14.4133,73.8,9.03,484.71708,24.61194,65.05003,9.12717
1979-09-01,108.6,5.51,14.63,74.6,9.33,484.8768,24.60102,65.31996,9.11276
1979-10-01,104.5,5.55667,14.7067,75.2,10.3,462.8485,24.61145,65.13851,8.68184
1979-11-01,103.7,5.60333,14.7833,75.9,10.65,455.06914,24.58922,64.8739,8.51878
1979-12-01,107.8,5.65,14.86,76.7,10.39,468.12712,24.53542,64.53032,8.7452
1980-01-01,110.9,5.7,15.0033,77.8,10.8,474.77993,24.40258,64.23143,8.85093
1980-02-01,115.3,5.75,15.1467,78.9,12.41,486.73515,24.27344,63.94129,9.05448
1980-03-01,104.7,5.8,15.29,80.1,12.75,435.36606,24.1177,63.57925,8.08115
1980-04-01,103,5.84667,15.1733,81,11.47,423.53823,24.04163,62.39294,7.84402
1980-05-01,107.7,5.89333,15.0567,81.8,10.18,438.53353,23.9965,61.30796,8.10423
1980-06-01,114.6,5.94,14.94,82.7,9.78,461.55081,23.92331,60.17076,8.51208
1980-07-01,119.8,5.98333,14.84,82.7,10.25,482.49378,24.09783,59.76801,8.88087
1980-08-01,123.5,6.02667,14.74,83.3,11.1,493.81282,24.09755,58.93766,9.07101
1980-09-01,126.5,6.07,14.64,84,11.51,501.59321,24.06854,58.05,9.19604
1980-10-01,130.2,6.1,14.7,84.8,11.75,511.39389,23.95931,57.73802,9.35784
1980-11-01,135.7,6.13,14.76,85.5,12.68,528.63284,23.88002,57.49905,9.65404
1980-12-01,133.5,6.16,14.82,86.3,12.84,515.24155,23.77444,57.1976,9.3899
1981-01-01,133,6.2,14.74,87,12.57,509.18171,23.73629,56.43112,9.2594
1981-02-01,128.4,6.24,14.66,87.9,13.19,486.53776,23.64483,55.55018,8.8299
1981-03-01,133.2,6.28,14.58,88.5,13.12,501.30422,23.63506,54.87249,9.0811
1981-04-01,134.4,6.31667,14.7233,89.1,13.68,502.41428,23.61299,55.03866,9.08556
1981-05-01,131.7,6.35333,14.8667,89.8,14.1,488.48344,23.56489,55.14151,8.81848
1981-06-01,132.3,6.39,15.01,90.6,13.47,486.37591,23.49163,55.18142,8.76534
1981-07-01,129.1,6.43333,15.0967,91.6,14.28,469.43036,23.39272,54.89426,8.44532
1981-08-01,129.6,6.47667,15.1833,92.3,14.94,467.67452,23.37171,54.79045,8.39981
1981-09-01,118.3,6.52,15.27,93.2,15.32,422.77494,23.30087,54.5712,7.58116
1981-10-01,119.8,6.55667,15.3,93.4,15.15,427.21879,23.38174,54.56133,7.64914
1981-11-01,122.9,6.59333,15.33,93.7,13.39,436.87048,23.43719,54.49328,7.81075
1981-12-01,123.8,6.63,15.36,94,13.72,438.66522,23.49233,54.42567,7.83256
1982-01-01,117.3,6.66,15.1767,94.3,14.59,414.31125,23.52355,53.60509,7.38866
1982-02-01,114.5,6.69,14.9933,94.6,14.43,403.13895,23.55458,52.78937,7.18182
1982-03-01,110.8,6.72,14.81,94.5,13.86,390.52457,23.68524,52.19918,6.95067
1982-04-01,116.3,6.75,14.5967,94.9,13.87,408.18206,23.6907,51.23053,7.25907
1982-05-01,116.4,6.78,14.3833,95.8,13.62,404.69504,23.57244,50.0073,7.19261
1982-06-01,109.7,6.81,14.17,97,14.3,376.68238,23.38384,48.65624,6.69213
1982-07-01,109.4,6.82333,13.9667,97.5,13.95,373.72583,23.30946,47.71222,6.63865
1982-08-01,109.7,6.83667,13.7633,97.7,13.06,373.98352,23.30722,46.92113,6.64342
1982-09-01,122.4,6.85,13.56,97.9,12.34,416.42724,23.30496,46.13361,7.39884
1982-10-01,132.7,6.85667,13.2533,98.2,10.91,450.0905,23.25638,44.95241,7.99984
1982-11-01,138.1,6.86333,12.9467,98,10.55,469.36209,23.32648,44.0021,8.34748
1982-12-01,139.4,6.87,12.64,97.6,10.54,475.72214,23.44484,43.13578,8.46774
1983-01-01,144.3,6.88333,12.5667,97.8,10.46,491.43704,23.4423,42.79793,8.75678
1983-02-01,146.8,6.89667,12.4933,97.9,10.72,499.44052,23.46374,42.5045,8.91049
1983-03-01,151.9,6.91,12.42,97.9,10.51,516.79165,23.50909,42.25512,9.23283
1983-04-01,157.7,6.92,12.4767,98.6,10.4,532.71532,23.37597,42.14667,9.53158
1983-05-01,164.1,6.93,12.5333,99.2,10.38,550.98188,23.26816,42.08179,9.87446
1983-06-01,166.4,6.94,12.59,99.5,10.85,557.01982,23.23148,42.14471,10.00012
1983-07-01,167,6.96,12.8267,99.9,11.38,556.78995,23.20514,42.76514,10.01448
1983-08-01,162.4,6.98,13.0633,100.2,11.85,539.83211,23.20214,43.42358,9.72806
1983-09-01,167.2,7,13.3,100.7,11.65,553.02811,23.15309,43.99087,9.9842
1983-10-01,167.7,7.03,13.5433,101,11.54,553.03434,23.18325,44.66255,10.00339
1983-11-01,165.2,7.06,13.7867,101.2,11.69,543.71328,23.23617,45.37537,9.85358
1983-12-01,164.4,7.09,14.03,101.3,11.83,540.54615,23.31187,46.13055,9.81501
1984-01-01,166.4,7.12,14.44,101.9,11.67,543.90061,23.27267,47.19907,9.89493
1984-02-01,157.3,7.15,14.85,102.4,11.84,511.64552,23.25661,48.3022,9.32453
1984-03-01,157.4,7.18,15.26,102.6,12.32,510.97279,23.30867,49.53904,9.32675
1984-04-01,157.6,7.22333,15.5733,103.1,12.63,509.14086,23.33561,50.31094,9.30564
1984-05-01,156.6,7.26667,15.8867,103.4,13.41,504.44245,23.40751,51.17449,9.23183
1984-06-01,153.1,7.31,16.2,103.7,13.56,491.74148,23.47897,52.03274,9.01019
1984-07-01,151.1,7.33333,16.32,104.1,13.36,483.45287,23.4634,52.21675,8.8683
1984-08-01,164.4,7.35667,16.44,104.5,12.72,523.99354,23.44798,52.39935,9.62306
1984-09-01,166.1,7.38,16.56,105,12.52,526.89095,23.41033,52.53049,9.68734
1984-10-01,164.8,7.43,16.5867,105.3,12.16,521.27782,23.50179,52.46528,9.59507
1984-11-01,166.3,7.48,16.6133,105.3,11.57,526.02246,23.65994,52.54942,9.69197
1984-12-01,164.5,7.53,16.64,105.3,11.5,520.32889,23.81809,52.63388,9.59505
1985-01-01,171.6,7.57333,16.5567,105.5,11.38,541.75787,23.90974,52.27111,9.997
1985-02-01,180.9,7.61667,16.4733,106,11.51,568.42492,23.93314,51.76249,10.49494
1985-03-01,179.4,7.66,16.39,106.4,11.86,561.59239,23.97881,51.30713,10.37322
1985-04-01,180.6,7.68667,16.13,106.9,11.43,562.70458,23.94975,50.25706,10.39712
1985-05-01,184.9,7.71333,15.87,107.3,10.85,573.95467,23.94322,49.26263,10.60812
1985-06-01,188.9,7.74,15.61,107.6,10.16,584.73635,23.95902,48.32046,10.81005
1985-07-01,192.5,7.77333,15.4833,107.8,10.31,594.77455,24.01755,47.83934,10.99756
1985-08-01,188.3,7.80667,15.3567,108,10.33,580.72025,24.0759,47.36031,10.7388
1985-09-01,184.1,7.84,15.23,108.3,10.37,566.19462,24.11171,46.83946,10.47123
1985-10-01,186.2,7.86,15.0233,108.7,10.24,570.54583,24.08427,46.03373,10.55252
1985-11-01,197.5,7.88,14.8167,109,9.78,603.50519,24.07909,45.27572,11.16461
1985-12-01,207.3,7.9,14.61,109.3,9.26,631.71261,24.07395,44.52157,11.69052
1986-01-01,208.2,7.94,14.58,109.6,9.19,632.71857,24.12961,44.30853,11.71501
1986-02-01,219.4,7.98,14.55,109.3,8.7,668.58537,24.31774,44.33873,12.38822
1986-03-01,232.3,8.02,14.52,108.8,7.78,711.14919,24.55194,44.45065,13.18902
1986-04-01,238,8.04667,14.5833,108.6,7.3,729.94063,24.67896,44.72665,13.5525
1986-05-01,238.5,8.07333,14.6467,108.9,7.71,729.45904,24.69251,44.79735,13.56005
1986-06-01,245.3,8.1,14.71,109.5,7.8,746.14604,24.63833,44.74443,13.88869
1986-07-01,240.2,8.14333,14.7567,109.5,7.3,730.63301,24.77013,44.88648,13.62
1986-08-01,245,8.18667,14.8033,109.7,7.17,743.87483,24.85656,44.94613,13.88767
1986-09-01,238.3,8.23,14.85,110.2,7.45,720.24932,24.87475,44.88335,13.46731
1986-10-01,237.4,8.24667,14.7267,110.3,7.43,716.87859,24.90253,44.47033,13.42592
1986-11-01,245.1,8.26333,14.6033,110.4,7.25,739.45993,24.93024,44.05775,13.87299
1986-12-01,248.6,8.28,14.48,110.5,7.11,749.34058,24.95792,43.64623,14.08514
1987-01-01,264.5,8.3,14.6867,111.2,7.08,792.24826,24.86072,43.9906,14.92221
1987-02-01,280.9,8.32,14.8933,111.6,7.25,838.35499,24.8313,44.44953,15.82232
1987-03-01,292.5,8.34,15.1,112.1,7.25,869.08182,24.77997,44.86542,16.43334
1987-04-01,289.3,8.4,14.8733,112.7,8.02,854.99766,24.82537,43.95657,16.19653
1987-05-01,289.1,8.46,14.6467,113.1,8.61,851.3848,24.91427,43.13379,16.16031
1987-06-01,301.4,8.52,14.42,113.5,8.4,884.47954,25.00254,42.31651,16.82521
1987-07-01,310.1,8.56667,14.9,113.8,8.45,907.61133,25.07322,43.60983,17.306
1987-08-01,329.4,8.61333,15.38,114.4,8.76,959.04277,25.07757,44.77862,18.32691
1987-09-01,318.7,8.66,15.86,115,9.42,923.04873,25.0819,45.93521,17.67562
1987-10-01,280.2,8.71,16.4067,115.3,9.52,809.42988,25.16108,47.39498,15.53006
1987-11-01,245,8.76,16.9533,115.4,8.86,707.13231,25.28359,48.93154,13.59089
1987-12-01,241,8.81,17.5,115.4,8.99,695.58729,25.4279,50.50945,13.38903
1988-01-01,250.5,8.85667,17.8633,115.7,8.67,721.13202,25.49632,51.42434,13.89834
1988-02-01,258.1,8.90333,18.2267,116,8.21,741.08909,25.56436,52.33479,14.29827
1988-03-01,265.7,8.95,18.59,116.5,8.37,759.63687,25.58807,53.14885,14.66895
1988-04-01,262.6,9.04333,19.6167,117.1,8.72,746.92713,25.72242,55.79682,14.43332
1988-05-01,256.1,9.13667,20.6433,117.5,9.09,725.95904,25.89945,58.51695,14.03189
1988-06-01,270.7,9.23,21.67,118,8.92,764.09376,26.05314,61.16702,14.76647
1988-07-01,269.1,9.30667,22.0233,118.5,9.06,756.37254,26.15871,61.90197,14.60832
1988-08-01,263.7,9.38333,22.3767,119,9.26,738.08023,26.26337,62.63102,14.24495
1988-09-01,268,9.46,22.73,119.8,8.98,745.10655,26.30115,63.19504,14.36943
1988-10-01,277.4,9.55,23.0733,120.2,8.8,768.67436,26.46301,63.93603,14.81145
1988-11-01,271,9.64,23.4167,120.3,8.96,750.31576,26.6902,64.83365,14.44553
1988-12-01,276.5,9.75,23.75,120.5,9.11,764.27296,26.94995,65.64732,14.70209
1989-01-01,285.4,9.81333,24.16,121.1,9.09,784.96489,26.99061,66.44973,15.08807
1989-02-01,294,9.89667,24.56,121.6,9.17,805.29344,27.1079,67.27213,15.46706
1989-03-01,292.7,10.01,24.96,122.3,9.36,797.1438,27.26139,67.97646,15.29897
1989-04-01,302.3,10.0867,25.0467,123.1,9.18,817.93822,27.29175,67.76928,15.68674
1989-05-01,313.9,10.1933,25.1333,123.8,8.86,844.52221,27.42424,67.61908,16.18635
1989-06-01,323.7,10.37,25.22,124.1,8.28,868.78302,27.83219,67.68832,16.6419
1989-07-01,331.9,10.4233,24.71,124.4,8.02,888.64291,27.90778,66.15958,17.01341
1989-08-01,346.6,10.5467,24.2,124.6,8.11,926.51173,28.19285,64.69009,17.73425
1989-09-01,347.3,10.73,23.69,125,8.19,925.41211,28.59105,63.12414,17.71422
1989-10-01,347.4,10.7967,23.4267,125.6,8.01,921.25653,28.63135,62.12435,17.64085
1989-11-01,340.2,10.9233,23.1633,125.9,7.87,900.01342,28.89805,61.27949,17.24237
1989-12-01,348.6,11.06,22.87,126.1,7.84,920.77327,29.21329,60.40759,17.65021
1990-01-01,339.97,11.14,22.49,127.4,8.21,888.81541,29.12435,58.79771,17.04884
1990-02-01,330.45,11.23,22.08,128,8.47,859.87672,29.22202,57.45522,16.50809
1990-03-01,338.46,11.32,21.67,128.7,8.59,875.92961,29.296,56.08165,16.83375
1990-04-01,338.18,11.4367,21.5333,128.9,8.79,873.84702,29.55209,55.6414,16.81391
1990-05-01,350.25,11.5533,21.3967,129.2,8.76,902.93406,29.78406,55.16006,17.39241
1990-06-01,360.39,11.66,21.26,129.9,8.48,924.06812,29.89715,54.5123,17.81708
1990-07-01,360.03,11.7267,21.42,130.4,8.47,919.60539,29.95288,54.71196,17.74717
1990-08-01,330.75,11.7833,21.58,131.6,8.75,837.11355,29.82301,54.61802,16.16833
1990-09-01,315.41,11.83,21.74,132.7,8.89,791.67138,29.69301,54.56687,15.30129
1990-10-01,307.12,11.9267,21.6067,133.5,8.72,766.24427,29.75633,53.9073,14.81815
1990-11-01,315.29,12.0133,21.4733,133.8,8.39,784.86415,29.90519,53.45435,15.18761
1990-12-01,328.75,12.09,21.34,133.8,8.08,818.37067,30.09613,53.12252,15.84631
1991-01-01,325.49,12.1067,21.1833,134.6,8.09,805.43964,29.95857,52.41903,15.60619
1991-02-01,362.26,12.1133,21.0267,134.8,7.85,895.09864,29.93043,51.95432,17.35466
1991-03-01,372.28,12.11,20.94,135,8.11,918.49404,29.87795,51.66344,17.81862
1991-04-01,379.68,12.13,20.3633,135.2,8.04,935.36569,29.88302,50.16628,18.15535
1991-05-01,377.99,12.14,19.8567,135.6,8.07,928.45536,29.81943,48.77393,18.03543
1991-06-01,378.29,12.15,19.41,136,8.28,926.45933,29.75622,47.53648,18.01523
1991-07-01,380.23,12.1933,18.84,136.2,8.27,929.84311,29.81842,46.07276,18.10345
1991-08-01,389.4,12.2367,18.33,136.6,7.9,949.47964,29.83692,44.6943,18.51226
1991-09-01,387.2,12.28,17.82,137.2,7.65,939.98656,29.81156,43.26075,18.35728
1991-10-01,386.88,12.2533,17.2033,137.4,7.53,937.84259,29.70344,41.70282,18.34919
1991-11-01,385.92,12.2267,16.5867,137.8,7.42,932.79987,29.55292,40.0914,18.28887
1991-12-01,388.51,12.2,15.97,137.9,7.09,938.37913,29.467,38.57279,18.44165
1992-01-01,416.08,12.24,16.0467,138.1,7.03,1003.51431,29.5208,38.70192,19.77307
1992-02-01,412.56,12.28,16.1233,138.6,7.34,991.43511,29.51043,38.74638,19.58298
1992-03-01,407.36,12.32,16.19,139.3,7.54,974.01955,29.45778,38.71116,19.28356
1992-04-01,407.41,12.32,16.4833,139.5,7.48,972.74248,29.41555,39.35595,19.30123
1992-05-01,414.81,12.32,16.7667,139.7,7.39,988.993,29.37343,39.97529,19.66228
1992-06-01,408.27,12.32,17.05,140.2,7.26,969.92882,29.26868,40.50576,19.31537
1992-07-01,415.05,12.3433,17.38,140.5,6.84,983.93068,29.26142,41.20158,19.62074
1992-08-01,417.93,12.3667,17.71,140.9,6.59,987.94544,29.23366,41.8647,19.72214
1992-09-01,418.48,12.4,18.04,141.3,6.42,986.44517,29.2294,42.52407,19.70877
1992-10-01,412.5,12.3867,18.39,141.8,6.59,968.92046,29.0951,43.19624,19.37027
1992-11-01,422.84,12.3833,18.74,142,6.87,991.80919,29.04614,43.95635,19.83366
1992-12-01,435.64,12.39,19.09,141.9,6.77,1022.55284,29.08234,44.80886,20.44861
1993-01-01,435.23,12.4133,19.34,142.6,6.6,1016.57565,28.994,45.17284,20.32341
1993-02-01,441.7,12.4467,19.59,143.1,6.26,1028.08299,28.97043,45.59689,20.54534
1993-03-01,450.16,12.48,19.84,143.6,5.98,1044.1259,28.9468,46.01799,20.8552
1993-04-01,443.08,12.4933,19.67,144,5.97,1024.84942,28.89715,45.49695,20.45736
1993-05-01,445.25,12.5067,19.5,144.2,6.04,1028.44027,28.88803,45.04118,20.51761
1993-06-01,448.06,12.52,19.33,144.4,5.96,1033.4974,28.87869,44.58667,20.60836
1993-07-01,447.29,12.52,19.69,144.4,5.81,1031.72131,28.87869,45.41705,20.5646
1993-08-01,454.13,12.52,20.05,144.8,5.68,1044.60485,28.79892,46.11967,20.81223
1993-09-01,459.24,12.52,20.41,145.1,5.36,1054.17498,28.73938,46.85069,20.9935
1993-10-01,463.9,12.54,20.9,145.7,5.33,1060.4867,28.66675,47.77791,21.10918
1993-11-01,462.89,12.56,21.39,145.8,5.72,1057.45204,28.69277,48.86452,21.0379
1993-12-01,465.95,12.58,21.89,145.8,5.77,1064.44248,28.73846,50.00675,21.16473
1994-01-01,472.99,12.6233,22.1567,146.2,5.75,1077.56876,28.75848,50.47753,21.41197
1994-02-01,471.58,12.6667,22.4333,146.7,5.97,1070.69474,28.759,50.93349,21.26384
1994-03-01,463.81,12.71,22.71,147.2,6.48,1049.47647,28.75929,51.38658,20.83338
1994-04-01,447.23,12.7533,23.54,147.4,6.97,1010.58734,28.81811,53.19237,20.05525
1994-05-01,450.9,12.7967,24.37,147.5,7.18,1018.18952,28.89658,55.03056,20.19649
1994-06-01,454.83,12.84,25.2,148,7.1,1023.59415,28.8964,56.71256,20.29076
1994-07-01,451.4,12.87,25.91,148.4,7.3,1013.13673,28.88584,58.15324,20.06795
1994-08-01,464.24,12.9,26.62,149,7.24,1037.75945,28.83659,59.5062,20.53555
1994-09-01,466.96,12.92,27.33,149.4,7.46,1041.04497,28.80397,60.92976,20.57645
1994-10-01,463.81,13.0133,28.42,149.5,7.74,1033.33068,28.99257,63.31743,20.39576
1994-11-01,461.01,13.0967,29.51,149.7,7.96,1025.7203,29.13939,65.65803,20.20947
1994-12-01,455.19,13.17,30.6,149.7,7.81,1012.77114,29.30248,68.08321,19.91148
1995-01-01,465.25,13.18,31.25,150.3,7.78,1031.0217,29.20766,69.25186,20.21912
1995-02-01,481.92,13.18,31.9,150.9,7.47,1063.71704,29.09153,70.41122,20.80257
1995-03-01,493.15,13.17,32.55,151.4,7.2,1084.90964,28.97346,71.60866,21.15274
1995-04-01,507.91,13.2433,33.1767,151.9,7.06,1113.70302,29.03881,72.74712,21.64274
1995-05-01,523.81,13.3067,33.8033,152.2,6.63,1146.30329,29.12032,73.97498,22.19543
1995-06-01,539.35,13.36,34.43,152.5,6.17,1177.98903,29.17944,75.19822,22.71836
1995-07-01,557.37,13.44,34.68,152.5,6.28,1217.34633,29.35417,75.74425,23.37641
1995-08-01,559.11,13.51,34.93,152.9,6.49,1217.95202,29.42987,76.09069,23.28407
1995-09-01,578.77,13.58,35.18,153.2,6.2,1258.31001,29.52442,76.48521,23.94601
1995-10-01,582.92,13.65,34.7733,153.7,6.04,1263.20983,29.58007,75.35506,23.92676
1995-11-01,595.53,13.72,34.3667,153.6,5.93,1291.37637,29.75112,74.52243,24.34759
1995-12-01,614.57,13.79,33.96,153.5,5.71,1333.53182,29.92239,73.6885,25.02738
1996-01-01,614.42,13.8933,33.9867,154.4,5.65,1325.43506,29.97081,73.31656,24.76247
1996-02-01,649.54,13.9967,34.0133,154.9,5.81,1396.67349,30.09641,73.1371,25.97607
1996-03-01,647.07,14.1,34.04,155.7,6.27,1384.21343,30.16275,72.81844,25.62993
1996-04-01,647.17,14.1567,34.33,156.3,6.51,1379.11285,30.16779,73.15689,25.4242
1996-05-01,661.23,14.2133,34.62,156.6,6.74,1406.3752,30.23038,73.63355,25.81404
1996-06-01,668.5,14.27,34.91,156.7,6.91,1420.93045,30.3316,74.20296,25.96667
1996-07-01,644.07,14.4,35.2733,157,6.87,1366.38733,30.54944,74.83191,24.85841
1996-08-01,662.68,14.53,35.6367,157.3,6.64,1403.18698,30.76644,75.45867,25.41253
1996-09-01,674.88,14.66,36,157.8,6.83,1424.49184,30.94335,75.98641,25.68012
1996-10-01,701.46,14.74,36.91,158.3,6.53,1475.91859,31.01394,77.6611,26.48347
1996-11-01,735.67,14.82,37.82,158.6,6.2,1544.97078,31.12328,79.42528,27.58561
1996-12-01,743.25,14.9,38.73,158.6,6.3,1560.88944,31.29129,81.33636,27.72395
1997-01-01,766.22,14.9533,39.2333,159.1,6.58,1604.07146,31.30454,82.1344,28.33287
1997-02-01,798.39,15.0067,39.7367,159.6,6.42,1666.18265,31.31791,82.92764,29.26563
1997-03-01,792.16,15.06,40.24,160,6.69,1649.04814,31.35057,83.76805,28.80246
1997-04-01,763.93,15.0933,40.3433,160.2,6.89,1588.29607,31.38066,83.87824,27.58516
1997-05-01,833.09,15.1267,40.4467,160.1,6.71,1733.16933,31.46975,84.14575,29.92836
1997-06-01,876.29,15.16,40.55,160.3,6.49,1820.76854,31.49968,84.2554,31.25656
1997-07-01,925.29,15.2167,40.58,160.5,6.22,1920.18573,31.57809,84.21267,32.76664
1997-08-01,927.24,15.2733,40.61,160.8,6.3,1920.64244,31.63641,84.11769,32.58628
1997-09-01,937.02,15.33,40.64,161.2,6.21,1936.08415,31.67507,83.97095,32.66658
1997-10-01,951.16,15.3867,40.3333,161.6,6.03,1960.43582,31.71353,83.13096,32.9015
1997-11-01,938.92,15.4433,40.0267,161.5,5.88,1936.40623,31.84989,82.55011,32.3366
1997-12-01,962.37,15.5,39.72,161.3,5.81,1987.22991,32.00647,82.01915,33.03079
1998-01-01,963.36,15.55,39.66,161.6,5.54,1985.58124,32.0501,81.74322,32.85997
1998-02-01,1023.74,15.6,39.6,161.9,5.57,2106.12057,32.09358,81.46832,34.70968
1998-03-01,1076.83,15.64,39.54,162.2,5.65,2211.24418,32.11636,81.19443,36.29693
1998-04-01,1112.2,15.75,39.35,162.5,5.64,2279.65923,32.28253,80.65509,37.27693
1998-05-01,1108.42,15.85,39.16,162.8,5.65,2267.72485,32.42763,80.11774,36.9566
1998-06-01,1108.39,15.95,38.97,163,5.5,2264.88107,32.59219,79.63119,36.80229
1998-07-01,1156.58,16.0167,38.6767,163.2,5.46,2360.45611,32.68837,78.93501,38.25965
1998-08-01,1074.62,16.0833,38.3833,163.4,5.34,2190.50008,32.78412,78.24033,35.4234
1998-09-01,1020.64,16.14,38.09,163.6,4.81,2077.92416,32.85948,77.54755,33.53236
1998-10-01,1032.47,16.1667,37.9633,164,4.53,2096.88204,32.83356,77.10109,33.7731
1998-11-01,1144.43,16.1833,37.8367,164,4.83,2324.2658,32.86727,76.84397,37.36939
1998-12-01,1190.05,16.2,37.71,163.9,4.65,2418.3918,32.92126,76.63338,38.82027
1999-01-01,1248.77,16.28333,37.93333,164.3,4.72,2531.54295,33.01005,76.89956,40.57696
1999-02-01,1246.58,16.36667,38.15667,164.5,5,2524.03085,33.13864,77.25826,40.40016
1999-03-01,1281.66,16.45,38.38,165,5.23,2587.19577,33.20644,77.47497,41.3561
1999-04-01,1334.76,16.45,39.26,166.2,5.18,2674.93092,32.96669,78.67915,42.70451
1999-05-01,1332.07,16.45,40.14,166.2,5.54,2669.54001,32.96669,80.44272,42.55668
1999-06-01,1322.55,16.45,41.02,166.2,5.9,2650.46142,32.96669,82.20629,42.18068
1999-07-01,1380.99,16.51333,42,166.7,5.79,2759.27725,32.99435,83.9178,43.82804
1999-08-01,1327.49,16.57667,42.98,167.1,5.94,2646.03275,33.04161,85.67032,41.93071
1999-09-01,1318.17,16.64,43.96,167.9,5.92,2614.93642,33.00981,87.20621,41.32345
1999-10-01,1300.01,16.65667,45.36333,168.2,6.11,2574.31157,32.98394,89.82958,40.55285
1999-11-01,1391,16.67333,46.76667,168.3,6.03,2752.85553,32.99732,92.55347,43.20829
1999-12-01,1428.68,16.69,48.17,168.3,6.28,2827.42606,33.03031,95.33073,44.19794
2000-01-01,1425.59,16.71333,49.09667,168.8,6.66,2812.95383,32.97851,96.87684,43.77258
2000-02-01,1388.87,16.73667,50.02333,169.8,6.52,2724.35889,32.83006,98.12402,42.18564
2000-03-01,1442.21,16.76,50.95,171.2,6.26,2805.85452,32.60699,99.12446,43.22075
2000-04-01,1461.36,16.74,51.27333,171.3,5.99,2841.45158,32.54906,99.69528,43.52857
2000-05-01,1418.48,16.72,51.59667,171.5,6.44,2754.85978,32.47226,100.20697,41.96605
2000-06-01,1461.96,16.7,51.92,172.4,6.1,2824.48086,32.2641,100.30852,42.78197
2000-07-01,1473,16.58333,52.51333,172.8,6.05,2839.22242,31.96454,101.21998,42.75809
2000-08-01,1485.46,16.46667,53.10667,172.8,5.83,2863.23919,31.73967,102.36364,42.86957
2000-09-01,1468.05,16.35,53.7,173.7,5.8,2815.01968,31.3515,102.97099,41.89801
2000-10-01,1390.14,16.32333,52.46667,174,5.74,2661.02956,31.2464,100.43258,39.3697
2000-11-01,1378.04,16.29667,51.23333,174.1,5.72,2636.35239,31.17744,98.01538,38.78214
2000-12-01,1330.93,16.27,50,174,5.24,2547.68877,31.14431,95.71085,37.27424
2001-01-01,1335.63,16.17,48.48,175.1,5.16,2540.62417,30.75844,92.21825,36.97887
2001-02-01,1305.75,16.07,46.96,175.8,5.1,2473.89675,30.4465,88.97124,35.83466
2001-03-01,1185.85,15.97,45.44,176.2,4.89,2241.63171,30.18835,85.89598,32.32584
2001-04-01,1189.84,15.87667,42.55667,176.9,5.14,2240.274,29.89317,80.12724,32.1739
2001-05-01,1270.37,15.78333,39.67333,177.7,5.39,2381.13056,29.58365,74.3621,34.07464
2001-06-01,1238.71,15.69,36.79,178,5.28,2317.8752,29.35914,68.84148,33.06853
2001-07-01,1204.45,15.70667,33.96333,177.5,5.24,2260.1165,29.47312,63.73124,32.16304
2001-08-01,1178.5,15.72333,31.13667,177.5,4.97,2211.42205,29.50439,58.42708,31.40432
2001-09-01,1044.64,15.74,28.31,178.3,4.73,1951.4423,29.40315,52.88456,27.66739
2001-10-01,1076.59,15.74,27.10333,177.7,4.57,2017.9171,29.50242,50.8014,28.57737
2001-11-01,1129.68,15.74,25.89667,177.4,4.65,2121.00763,29.55232,48.62176,30.0051
2001-12-01,1144.93,15.74,24.69,176.7,5.09,2158.15579,29.66939,46.53985,30.49995
2002-01-01,1140.21,15.73667,24.69333,177.1,5.04,2144.40441,29.59611,46.441,30.2772
2002-02-01,1100.67,15.73333,24.69667,177.8,4.91,2061.89136,29.47334,46.26441,29.0857
2002-03-01,1153.79,15.73,24.7,178.8,5.28,2149.31299,29.30229,46.01187,30.29213
2002-04-01,1111.93,15.83333,25.38,179.8,5.21,2059.81477,29.33074,47.01564,29.00588
2002-05-01,1079.25,15.93667,26.06,179.8,5.16,1999.27611,29.52217,48.27532,28.12811
2002-06-01,1014.02,16.04,26.74,179.9,4.93,1877.39546,29.69707,49.50746,26.38767
2002-07-01,903.59,15.96,27.84,180.1,4.65,1671.08334,29.51614,51.4868,23.46312
2002-08-01,912.55,15.88,28.94,180.7,4.26,1682.05009,29.27068,53.34341,23.58871
2002-09-01,867.81,15.8,30.04,181,3.87,1596.93222,29.07495,55.2792,22.36504
2002-10-01,854.63,15.89,29.22333,181.3,3.94,1570.07622,29.19218,53.6874,21.95623
2002-11-01,909.93,15.98,28.40667,181.3,4.05,1671.67015,29.35752,52.18707,23.3484
2002-12-01,899.18,16.07,27.59,180.9,4.03,1655.57355,29.58814,50.79881,23.10144
2003-01-01,895.84,16.12,28.5,181.7,4.05,1642.16174,29.54953,52.24327,22.89835
2003-02-01,837.03,16.17,29.41,183.1,3.9,1522.62546,29.41454,53.49918,21.2141
2003-03-01,846.63,16.22,30.32,184.2,3.81,1530.89158,29.3293,54.82517,21.30972
2003-04-01,890.03,16.20333,31.73,183.8,3.96,1612.87067,29.36292,57.49962,22.42794
2003-05-01,935.96,16.18667,33.14,183.5,3.57,1698.87579,29.38067,60.15294,23.59108
2003-06-01,988,16.17,34.55,183.7,3.33,1791.38195,29.31847,62.64397,24.83222
2003-07-01,992.54,16.31,35.89333,183.9,3.98,1797.65644,29.54015,65.00885,24.86733
2003-08-01,989.53,16.45,37.23667,184.6,4.45,1785.40882,29.68073,67.18611,24.64225
2003-09-01,1019.44,16.59,38.58,185.2,4.27,1833.41633,29.83636,69.38437,25.24369
2003-10-01,1038.73,16.85667,41.96667,185,4.29,1870.12809,30.34872,75.55673,25.68276
2003-11-01,1049.9,17.12333,45.35333,184.5,4.3,1895.36114,30.91237,81.87536,25.9468
2003-12-01,1080.64,17.39,48.74,184.3,4.27,1952.97242,31.42785,88.08472,26.63517
2004-01-01,1132.52,17.6,49.82667,185.2,4.15,2036.78555,31.6528,89.61099,27.65854
2004-02-01,1143.36,17.81,50.91333,186.2,4.08,2045.23739,31.85845,91.07355,27.65086
2004-03-01,1123.98,18.02,52,187.4,3.83,1997.69602,32.02769,92.42174,26.88653
2004-04-01,1133.36,18.21333,53.38333,188,4.35,2007.93865,32.268,94.57759,26.90058
2004-05-01,1102.78,18.40667,54.76667,189.1,4.72,1942.39593,32.42082,96.46398,25.90281
2004-06-01,1132.76,18.6,56.15,189.7,4.73,1988.89099,32.65773,98.58772,26.40129
2004-07-01,1105.85,18.78667,56.69,189.4,4.5,1944.71809,33.03773,99.69351,25.69589
2004-08-01,1088.94,18.97333,57.23,189.5,4.28,1913.97008,33.34839,100.59003,25.17446
2004-09-01,1117.66,19.16,57.77,189.9,4.13,1960.31178,33.60555,101.32528,25.66841
2004-10-01,1117.21,19.25333,58.03,190.9,4.1,1949.25785,33.59235,101.24814,25.41166
2004-11-01,1168.94,19.34667,58.29,191,4.19,2038.44623,33.73752,101.64853,26.46531
2004-12-01,1199.21,19.44,58.55,190.3,4.23,2098.92471,34.02498,102.4775,27.14481
2005-01-01,1181.41,19.70333,59.10667,190.7,4.22,2063.43293,34.41355,103.23481,26.58725
2005-02-01,1199.63,19.96667,59.66333,191.8,4.17,2083.23912,34.67348,103.60944,26.74486
2005-03-01,1194.9,20.23,60.22,193.3,4.5,2058.92304,34.85816,103.76462,26.33914
2005-04-01,1164.43,20.46333,61.23333,194.6,4.34,1993.01679,35.02466,104.80584,25.40892
2005-05-01,1178.28,20.69667,62.24667,194.4,4.14,2018.79701,35.46048,106.64985,25.65023
2005-06-01,1202.25,20.93,63.26,194.5,4,2058.80677,35.84182,108.33031,26.06839
2005-07-01,1222.24,21.11,64.33,195.4,4.18,2083.39847,35.98356,109.65524,26.28787
2005-08-01,1224.27,21.29,65.4,196.4,4.26,2076.2332,36.1056,110.91152,26.10438
2005-09-01,1225.92,21.47,66.47,198.8,4.2,2053.93245,35.97129,111.36525,25.73012
2005-10-01,1191.96,21.72,67.59,199.2,4.46,1993.02504,36.31708,113.01433,24.87654
2005-11-01,1237.37,21.97,68.71,197.6,4.54,2085.7058,37.03254,115.81729,25.93178
2005-12-01,1262.07,22.22,69.83,196.8,4.47,2135.98774,37.60619,118.18364,26.4438
2006-01-01,1278.73,22.40667,70.77667,198.3,4.42,2147.8134,37.63526,118.87973,26.4687
2006-02-01,1276.65,22.59333,71.72333,198.7,4.57,2140.00303,37.8724,120.22728,26.24962
2006-03-01,1293.74,22.78,72.67,199.8,4.72,2156.71088,37.97508,121.14349,26.32784
2006-04-01,1302.17,23,73.27667,201.5,4.99,2152.44985,38.01834,121.12424,26.14728
2006-05-01,1290.01,23.22,73.88333,202.5,5.11,2121.8196,38.19246,121.52395,25.65064
2006-06-01,1253.17,23.44,74.49,202.9,5.11,2057.16132,38.47831,122.28025,24.74958
2006-07-01,1260.24,23.66,75.85,203.5,5.09,2062.66763,38.72494,124.14567,24.69679
2006-08-01,1287.15,23.88,77.21,203.9,4.88,2102.57909,39.00834,126.12371,25.05139
2006-09-01,1317.74,24.1,78.57,202.9,4.72,2163.15724,39.56174,128.97784,25.64416
2006-10-01,1363.38,24.36,79.55,201.8,4.73,2250.27794,40.20652,131.2984,26.53804
2006-11-01,1388.64,24.62,80.53,201.5,4.6,2295.38229,40.69616,133.11379,26.92802
2006-12-01,1416.42,24.88,81.51,201.8,4.56,2337.82121,41.06479,134.53341,27.28269
2007-01-01,1424.16,25.08333,82.05667,202.416,4.76,2343.44277,41.2744,135.02352,27.20754
2007-02-01,1444.8,25.28667,82.60333,203.499,4.72,2364.75341,41.38755,135.19969,27.31518
2007-03-01,1406.95,25.49,83.15,205.352,4.56,2282.02361,41.34389,134.86639,26.22761
2007-04-01,1463.64,25.71667,83.74,206.686,4.69,2358.65063,41.44232,134.94671,26.97627
2007-05-01,1511.14,25.94333,84.33,207.949,4.75,2420.40629,41.55367,135.07211,27.54849
2007-06-01,1514.19,26.17,84.92,208.352,5.1,2420.60043,41.83564,135.75403,27.41826
2007-07-01,1520.71,26.44,82.81333,208.299,5,2431.64193,42.27802,132.41997,27.41009
2007-08-01,1454.62,26.71,80.70667,207.917,4.67,2330.23629,42.78823,129.28848,26.14861
2007-09-01,1497.12,26.98,78.6,208.49,4.52,2391.72801,43.10197,125.56764,26.72574
2007-10-01,1539.66,27.23,74.46,208.936,4.53,2454.43739,43.4085,118.69985,27.32065
2007-11-01,1463.39,27.48,70.32,210.177,4.15,2319.07771,43.54837,111.4382,25.72905
2007-12-01,1479.22,27.73,66.18,210.036,4.1,2345.73765,43.97406,104.94782,25.95551
2008-01-01,1378.76,27.92,64.25,211.08,3.74,2175.61476,44.05637,101.38331,24.02232
2008-02-01,1354.87,28.11,62.32,211.693,3.74,2131.72675,44.22774,98.05311,23.49526
2008-03-01,1316.94,28.3,60.39,213.528,3.51,2054.24181,44.14403,94.19994,22.60681
2008-04-01,1370.47,28.43667,57.38333,214.823,3.68,2124.85433,44.08982,88.97037,23.35604
2008-05-01,1403.22,28.57333,54.37667,216.632,3.88,2157.46403,43.93177,83.60464,23.69643
2008-06-01,1341.25,28.71,51.37,218.815,4.1,2041.61126,43.70152,78.1939,22.41681
2008-07-01,1257.33,28.75667,49.56333,219.964,4.01,1903.87344,43.5439,75.04976,20.90721
2008-08-01,1281.47,28.80333,47.75667,219.086,3.89,1948.20307,43.78935,72.60387,21.40162
2008-09-01,1216.95,28.85,45.95,218.783,3.69,1852.6764,43.92104,69.95397,20.36273
2008-10-01,968.8,28.69667,35.59333,216.573,3.81,1489.94496,44.13342,54.74,16.38736
2008-11-01,883.04,28.54333,25.23667,212.425,3.53,1384.57076,44.75478,39.57007,15.25966
2008-12-01,877.56,28.39,14.88,210.228,2.42,1390.35809,44.97956,23.57506,15.37608
2009-01-01,865.58,28.01333,12.20667,211.143,2.52,1365.43469,44.19046,19.25577,15.17465
2009-02-01,805.23,27.63667,9.53333,212.193,2.87,1263.94827,43.38055,14.96422,14.12218
2009-03-01,757.13,27.26,6.86,212.709,2.82,1185.56398,42.6855,10.74184,13.32367
2009-04-01,848.15,26.70333,7.07667,213.24,2.93,1324.78194,41.70971,11.05352,14.98187
2009-05-01,902.41,26.14667,7.29333,213.856,3.29,1405.47416,40.72258,11.35913,15.99636
2009-06-01,926.12,25.59,7.51,215.693,3.72,1430.11716,39.51615,11.59696,16.38418
2009-07-01,935.82,25.02667,9.18667,215.351,3.56,1447.3909,38.70762,14.20861,16.69462
2009-08-01,1009.73,24.46333,10.86333,215.834,3.59,1558.20935,37.75167,16.76423,18.09407
2009-09-01,1044.55,23.9,12.54,215.969,3.4,1610.93576,36.85928,19.33956,18.8319
2009-10-01,1067.66,23.40333,25.35,216.177,3.39,1644.99239,36.05858,39.0579,19.35801
2009-11-01,1088.07,22.90667,38.16,216.33,3.4,1675.25334,35.26838,58.75327,19.81276
2009-12-01,1110.38,22.41,50.97,215.949,3.59,1712.61932,34.56456,78.61471,20.32238
2010-01-01,1123.58,22.24,54.29,216.687,3.73,1727.0764,34.18553,83.4502,20.52786
2010-02-01,1089.16,22.07,57.61,216.741,3.69,1673.75165,33.91577,88.53137,19.92054
2010-03-01,1152.05,21.9,60.93,217.631,3.73,1763.15697,33.51689,93.25043,21.0046
2010-04-01,1197.32,21.94667,62.98667,218.009,3.85,1829.2633,33.53008,96.23091,21.80485
2010-05-01,1125.06,21.99333,65.04333,218.178,3.42,1717.53318,33.57535,99.29611,20.48007
2010-06-01,1083.36,22.04,67.1,217.965,3.2,1655.48954,33.67947,102.53595,19.74204
2010-07-01,1079.8,22.14333,68.68667,218.011,3.01,1649.70132,33.83023,104.9384,19.66866
2010-08-01,1087.28,22.24667,70.27333,218.312,2.7,1658.83885,33.94124,107.21446,19.7703
2010-09-01,1122.08,22.35,71.86,218.439,2.65,1710.93712,34.07907,109.57146,20.3814
2010-10-01,1171.58,22.47667,73.69,218.711,2.54,1784.19258,34.22959,112.22209,21.24013
2010-11-01,1198.89,22.60333,75.52,218.803,2.76,1825.01514,34.40802,114.96062,21.70072
2010-12-01,1241.53,22.73,77.35,219.179,3.29,1886.6819,34.54148,117.54436,22.39638
2011-01-01,1282.62,22.96333,78.67,220.223,3.39,1939.88391,34.73063,118.98354,22.9783
2011-02-01,1321.12,23.19667,79.99,221.309,3.58,1988.30772,34.91137,120.38629,23.48983
2011-03-01,1304.49,23.43,81.31,223.467,3.41,1944.32008,34.92202,121.19117,22.89934
2011-04-01,1331.51,23.73333,82.16333,224.906,3.46,1971.89505,35.1478,121.6795,23.14393
2011-05-01,1338.31,24.03667,83.01667,225.964,3.17,1972.68561,35.43035,122.3676,23.05949
2011-06-01,1287.29,24.34,83.87,225.722,3,1899.51581,35.91593,123.75797,22.10083
2011-07-01,1325.19,24.62,84.90667,225.922,3,1953.7097,36.29693,125.17675,22.61098
2011-08-01,1185.31,24.9,85.94333,226.545,2.3,1742.68091,36.60878,126.35665,20.04985
2011-09-01,1173.88,25.18,86.98,226.889,1.98,1723.25945,36.96432,127.68691,19.69811
2011-10-01,1207.22,25.59667,86.97,226.421,2.15,1775.86572,37.65365,127.93612,20.15582
2011-11-01,1226.42,26.01333,86.96,226.23,2.01,1805.6328,38.29889,128.02941,20.34525
2011-12-01,1243.32,26.43,86.95,225.672,1.98,1835.04048,39.00856,128.33122,20.52358
2012-01-01,1300.58,26.73667,87.48,226.665,1.97,1911.14225,39.2883,128.54782,21.21301
2012-02-01,1352.49,27.04333,88.01,227.663,1.97,1978.70939,39.56473,128.75971,21.79744
2012-03-01,1389.24,27.35,88.54,229.392,2.17,2017.15568,39.71179,128.55875,22.05394
2012-04-01,1386.43,27.67333,88.33333,230.085,2.05,2007.01236,40.06024,127.87237,21.77925
2012-05-01,1341.27,27.99667,88.12667,229.815,1.8,1943.91936,40.57592,127.72308,20.94147
2012-06-01,1323.48,28.32,87.92,229.478,1.62,1920.95297,41.10481,127.61068,20.5475
2012-07-01,1359.78,28.74333,87.44667,229.104,1.53,1976.86214,41.78735,127.13086,20.99934
2012-08-01,1403.45,29.16667,86.97333,230.379,1.68,2029.05801,42.16813,125.74295,21.41043
2012-09-01,1443.42,29.59,86.5,231.407,1.72,2077.57463,42.59012,124.50306,21.78369
2012-10-01,1437.82,30.14333,86.50333,231.317,1.75,2070.31951,43.40344,124.5563,21.57711
2012-11-01,1394.51,30.69667,86.50667,230.221,1.65,2017.51654,44.4106,125.15409,20.89816
2012-12-01,1422.29,31.25,86.51,229.601,1.72,2063.26394,45.33323,125.49688,21.23826
2013-01-01,1480.4,31.53667,86.90667,230.28,1.91,2141.22972,45.61419,125.70058,21.90048
2013-02-01,1512.31,31.82333,87.30333,232.166,1.98,2169.61468,45.65491,125.24852,22.05272
2013-03-01,1550.83,32.11,87.7,232.773,1.96,2219.07508,45.94604,125.4895,22.41921
2013-04-01,1570.7,32.49667,88.78333,232.531,1.76,2249.846,46.54771,127.17185,22.59566
2013-05-01,1639.84,32.88333,89.86667,232.945,1.93,2344.70651,47.01786,128.49483,23.41184
2013-06-01,1618.77,33.27,90.95,233.504,2.3,2309.03879,47.45685,129.7325,22.92533
2013-07-01,1668.68,33.64667,92.09,233.596,2.58,2379.29376,47.97523,131.30688,23.49246
2013-08-01,1670.09,34.02333,93.23,233.877,2.74,2378.44311,48.45401,132.77264,23.35665
2013-09-01,1687.17,34.4,94.37,234.149,2.81,2399.97625,48.93353,134.24003,23.44229
2013-10-01,1720.03,34.59667,96.31333,233.546,2.62,2453.03641,49.34035,137.35814,23.83474
2013-11-01,1783.54,34.79333,98.25667,233.069,2.72,2548.81754,49.72238,140.41643,24.64208
2013-12-01,1807.78,34.99,100.2,233.049,2.9,2583.6801,50.00773,143.20589,24.86187
2014-01-01,1822.36,35.40333,100.41667,233.916,2.86,2594.86431,50.41092,142.98362,24.85961
2014-02-01,1817.04,35.81667,100.63333,234.781,2.71,2577.75683,50.81157,142.7642,24.59093
2014-03-01,1863.52,36.23,100.85,236.293,2.72,2626.77944,51.06906,142.15608,24.95604
2014-04-01,1864.26,36.61333,101.60667,237.072,2.71,2619.18771,51.43982,142.75205,24.78632
2014-05-01,1889.77,36.99667,102.36333,237.9,2.56,2645.78722,51.79747,143.31458,24.94327
2014-06-01,1947.09,37.38,103.12,238.343,2.6,2720.97174,52.23689,144.10562,25.55801
2014-07-01,1973.1,37.75,104.06667,238.25,2.54,2758.39587,52.77454,145.48531,25.81755
2014-08-01,1961.53,38.12,105.01333,237.852,2.42,2746.80958,53.38097,147.05441,25.61761
2014-09-01,1993.23,38.49,105.96,238.031,2.53,2789.10138,53.85857,148.26848,25.91844
2014-10-01,1937.27,38.80667,104.74333,237.433,2.3,2717.62469,54.43844,146.93516,25.16275
2014-11-01,2044.57,39.12333,103.52667,236.151,2.33,2883.71676,55.18061,146.01681,26.60682
2014-12-01,2054.27,39.44,102.31,234.812,2.21,2913.92013,55.94445,145.12365,26.79409
2015-01-01,2028.18,39.89667,101.29,233.707,1.88,2890.5147,56.8598,144.35614,26.4923
2015-02-01,2082.2,40.35333,100.27,234.722,1.98,2954.67047,57.26194,142.28451,26.99551
2015-03-01,2079.99,40.81,99.25,236.119,2.04,2934.07167,57.56733,140.00385,26.72861
2015-04-01,2094.86,41.12,97.80333,236.599,1.94,2949.05251,57.88694,137.68327,26.79137
2015-05-01,2111.94,41.43,96.35667,237.805,2.2,2958.01928,58.02757,134.9588,26.80611
2015-06-01,2099.29,41.74,94.91,238.638,2.36,2930.03793,58.25769,132.46855,26.4959
2015-07-01,2094.14,41.99667,93.49333,238.654,2.32,2922.65398,58.612,130.48252,26.38114
2015-08-01,2039.87,42.25333,92.07667,238.316,2.17,2850.95063,59.05385,128.68763,25.69366
2015-09-01,1944.41,42.51,90.66,237.945,2.17,2721.77154,59.5052,126.90524,24.49675
2015-10-01,2024.81,42.80333,89.28333,237.838,2.07,2835.59002,59.94276,125.03441,25.49144
2015-11-01,2080.62,43.09667,87.90667,237.336,2.26,2919.91062,60.48121,123.36689,26.22585
2015-12-01,2054.08,43.39,86.53,236.525,2.24,2892.5489,61.10166,121.85127,25.96542
2016-01-01,1918.6,43.55333,86.5,236.916,2.09,2697.30747,61.23044,121.60799,24.20617
2016-02-01,1904.42,43.71667,86.47,237.111,1.78,2675.17033,61.40953,121.46584,24.00261
2016-03-01,2021.95,43.88,86.44,238.132,1.89,2828.08891,61.37468,120.90309,25.3723
2016-04-01,2075.54,44.07333,86.6,239.261,1.81,2889.34633,61.35421,120.55532,25.92234
2016-05-01,2065.55,44.26667,86.76,240.229,1.81,2863.85276,61.37504,120.29138,25.69471
2016-06-01,2083.89,44.46,86.92,241.018,1.64,2879.82249,61.4413,120.11871,25.84037
2016-07-01,2148.9,44.65,87.64333,240.628,1.5,2974.47588,61.80388,121.31462,26.694
2016-08-01,2170.95,44.84,88.36667,240.849,1.56,3002.23982,62.00992,122.20361,26.94887
2016-09-01,2157.69,45.03,89.09,241.428,1.63,2976.74627,62.12333,122.90845,26.72787
2016-10-01,2143.02,45.25333,90.91,241.729,1.76,2952.82613,62.3537,125.26314,26.52514
2016-11-01,2164.99,45.47667,92.73,241.353,2.14,2987.74549,62.75905,127.96994,26.85095
2016-12-01,2246.63,45.7,94.55,241.432,2.49,3099.39643,63.04662,130.43889,27.8651
2017-01-01,2275.12,45.92667,96.46333,242.839,2.43,3120.51503,62.99222,132.30743,28.06357
2017-02-01,2329.91,46.15333,98.37667,243.603,2.42,3185.64164,63.10458,134.50855,28.65511
2017-03-01,2366.82,46.38,100.29,243.801,2.48,3233.47982,63.36299,137.01325,29.08692
2017-04-01,2359.31,46.66,101.53333,244.524,2.3,3213.68957,63.55704,138.30171,28.90425
2017-05-01,2395.35,46.94,102.77667,244.733,2.3,3259.99439,63.88383,139.87574,29.31334
2017-06-01,2433.99,47.22,104.02,244.955,2.19,3309.58003,64.20666,141.43958,29.7485
2017-07-01,2454.1,47.53667,105.04,244.786,2.32,3339.2281,64.68187,142.92511,30.00222
2017-08-01,2456.22,47.85333,106.06,245.519,2.21,3332.13481,64.91835,143.88215,29.91496
2017-09-01,2492.84,48.17,107.08,246.819,2.2,3364.00183,65.00376,144.50078,30.16811
2017-10-01,2557,48.42333,108.01333,246.663,2.36,3452.76583,65.38695,145.85246,30.92039
2017-11-01,2593.61,48.67667,108.94667,246.669,2.35,3502.11583,65.72743,147.10918,31.29891
2017-12-01,2664.34,48.93,109.88,246.524,2.4,3599.73761,66.10837,148.45672,32.08613
2018-01-01,2789.8,49.28667,111.73333,247.867,2.58,3748.82154,66.22945,150.14278,33.30734
2018-02-01,2705.16,49.64333,113.58667,248.991,2.86,3618.67612,66.40759,151.94419,32.03538
2018-03-01,2702.77,50,115.44,249.554,2.84,3607.32242,66.7338,154.075,31.80841
2018-04-01,2653.63,50.33,117.78667,250.546,2.87,3527.71345,66.90828,156.58461,30.97018
2018-05-01,2701.49,50.66,120.13333,251.588,2.976,3576.46392,67.06805,159.0428,31.24362
2018-06-01,2754.35,50.99,122.48,251.989,2.91,3640.64179,67.39751,161.89148,31.63056
2018-07-01,2793.64,51.44,125.11667,252.006,2.89,3692.32538,67.98772,165.36542,31.88637
2018-08-01,2857.82,51.89,127.75333,252.146,2.89,3775.05423,68.5444,168.75652,32.39028
2018-09-01,2901.5,52.34,130.39,252.439,3,3828.305,69.05858,172.03953,32.62289
2018-10-01,2785.46,52.81,131.05667,252.885,3.15,3668.71743,69.55582,172.61417,31.03796
2018-11-01,2723.23,53.28,131.72333,252.038,3.12,3598.80823,70.41069,174.07528,30.19558
2018-12-01,2567.31,53.75,132.39,251.233,2.83,3403.62759,71.2594,175.51689,28.29186
2019-01-01,2607.39,54.14667,133.05667,251.712,2.71,3450.18579,71.64868,176.06504,28.38016
2019-02-01,2754.86,54.54333,133.72333,252.776,2.68,3629.97892,71.86977,176.20238,29.54155
2019-03-01,2803.98,54.94,134.39,254.202,2.57,3673.97634,71.98634,176.08745,29.5762
2019-04-01,2903.8,55.31909,134.68333,255.548,2.53,3784.72755,72.10128,175.5423,30.13352
2019-05-01,2854.71,55.69818,134.97667,256.092,2.4,3712.84134,72.44116,175.55091,29.24203
2019-06-01,2890.17,56.07727,135.27,256.143,2.06,3758.21225,72.91969,175.89739,29.2838
2019-07-01,2996.11364,56.45818,134.48,256.571,1.63,3889.47622,73.29253,174.57841,29.98669
2019-08-01,2897.49818,56.83909,133.69,256.558,1.63,3761.64682,73.79076,173.56165,28.7054
2019-09-01,2982.156,57.22,132.9,256.759,1.7,3868.52216,74.22712,172.40097,29.22952
2019-10-01,2977.68,57.56,135.09,257.346,1.71,3853.90503,74.49786,174.84217,28.84112
2019-11-01,3104.9045,57.9,137.28,257.208,1.81,4020.72325,74.97811,177.77194,29.83687
2019-12-01,3176.74952,58.24,139.47,256.974,1.86,4117.50557,75.48707,180.77236,30.33182
2020-01-01,3278.20286,58.68687,131.75667,257.971,1.76,4232.58164,75.7723,170.11481,30.98522
2020-02-01,3277.31421,59.13374,124.04333,258.678,1.5,4219.86924,76.14059,159.71818,30.72969
2020-03-01,2652.39364,59.5806,116.33,258.115,0.87,3422.67088,76.88331,150.1132,24.81717
2020-04-01,2761.97524,59.61374,110.63,256.389,0.66,3588.06911,77.44393,143.71892,25.92736
2020-05-01,2919.615,59.64687,104.93,256.394,0.67,3792.78422,77.48546,136.31141,27.32848
2020-06-01,3104.66091,59.68,99.23,257.797,0.73,4011.22221,77.10657,128.20517,28.83832
2020-07-01,3207.61909,59.40333,98.89333,259.101,0.62,4123.38709,76.36285,127.12716,29.59919
2020-08-01,3391.71,59.12667,98.55667,259.918,0.65,4346.33065,75.76828,126.29613,31.15821
2020-09-01,3365.51667,58.85,98.22,260.28,0.68,4306.76678,75.30886,125.68966,30.83943
2020-10-01,3418.70136,58.65962,96.85667,260.388,0.79,4373.01137,75.0341,123.89362,31.28369
2020-11-01,3548.9925,58.46923,95.49333,260.229,0.87,4542.44623,74.83626,122.22436,32.4732
2020-12-01,3695.31,58.27885,94.13,260.474,0.93,4725.273,74.52242,120.36607,33.76559
2021-01-01,3793.74842,58.06369,105.48667,261.582,1.08,4830.60002,73.93281,134.31673,34.51243
2021-02-01,3883.43211,57.84854,116.84333,263.014,1.26,4917.87241,73.25781,147.96721,35.10391
2021-03-01,3910.50826,57.63339,128.2,264.877,1.61,4917.33012,72.47201,161.20711,35.04255
2021-04-01,4141.17619,57.71061,138.38667,267.054,1.64,5164.93699,71.97753,172.59792,36.71981
2021-05-01,4167.8495,57.78782,148.57333,269.195,1.62,5156.86124,71.50061,183.82911,36.55213
2021-06-01,4238.48955,57.86504,158.76,271.696,1.52,5195.98966,70.9371,194.62483,36.69626
2021-07-01,4363.71286,58.32819,164.31667,273.003,1.32,5323.89097,71.16255,200.47241,37.44338
2021-08-01,4454.20636,58.79134,169.87333,273.567,1.28,5423.09276,71.57973,206.82446,37.9735
2021-09-01,4445.54333,59.25448,175.43,274.31,1.37,5397.88483,71.94821,213.01129,37.62035
2021-10-01,4460.70714,59.63536,182.91,276.589,1.58,5371.66863,71.81404,220.26371,37.25303
2021-11-01,4667.38667,60.01624,190.39,277.948,1.56,5593.07489,71.91933,228.15027,38.58263
2021-12-01,4674.77273,60.39712,197.87,278.802,1.47,5584.76655,72.15405,236.38748,38.30485
2022-01-01,4573.8155,60.9214,197.88333,281.148,1.76,5418.56204,72.17309,234.43078,36.93676
2022-02-01,4435.98053,61.44569,197.89667,283.716,1.93,5207.70302,72.13533,232.32452,35.28715
2022-03-01,4391.26522,61.96997,197.91,287.504,2.13,5087.28634,71.79229,229.27899,34.2708
2022-04-01,4391.296,62.65332,196.02667,289.109,2.75,5059.07954,72.18099,225.8364,33.88916
2022-05-01,4040.36,63.33666,194.14333,292.296,2.9,4604.0242,72.17265,221.22796,30.67316
2022-06-01,3898.94667,64.02,192.26,296.311,3.14,4382.68167,71.96284,216.11334,29.04772
2022-07-01,3911.7295,64.45277,190.58333,296.276,2.9,4397.56988,72.45786,214.25396,29.00462
2022-08-01,4158.56304,64.88554,188.90667,296.171,2.9,4676.7178,72.97024,212.44434,30.69876
2022-09-01,3850.52048,65.31831,187.23,296.808,3.52,4320.99975,73.29928,210.10686,28.22988
2022-10-01,3726.05095,65.8522,182.40333,298.012,3.98,4164.42883,73.59986,203.86348,27.08077
2022-11-01,3917.48857,66.3861,177.57667,297.711,3.89,4382.81625,74.27159,198.6696,28.37895
2022-12-01,3912.38095,66.92,172.75,296.797,3.62,4390.58143,75.09946,193.8648,28.3169
2023-01-01,3960.6565,67.35,173.55667,299.17,3.53,4409.502,74.98251,193.22516,28.33481
2023-02-01,4079.68474,67.78,174.36333,300.84,3.75,4516.80592,75.04234,193.04564,28.91976
2023-03-01,3968.55913,68.21,175.17,301.836,3.66,4379.27508,75.26922,193.29877,27.93813
2023-04-01,4121.46737,68.37667,177.11667,303.363,3.46,4525.11543,75.07334,194.46311,28.76484
2023-05-01,4146.17318,68.54333,179.06333,304.127,3.57,4540.80516,75.06727,196.10655,28.76205
2023-06-01,4345.37286,68.71,181.01,305.109,3.75,4743.64779,75.00761,197.60046,29.94003
2023-07-01,4508.0755,68.91105,182.09,305.691,3.9,4911.89342,75.08386,198.401,30.89166
2023-08-01,4457.3587,69.11209,183.17,307.026,4.17,4835.51613,74.97548,198.70994,30.30475
2023-09-01,4409.095,69.31314,184.25,307.789,4.38,4771.30049,75.00718,199.38607,29.79968
2023-10-01,4269.40091,69.64332,186.97667,307.671,4.8,4621.90252,75.3934,202.41433,28.76905
2023-11-01,4460.06333,69.97351,189.70333,307.051,4.5,4838.05628,75.9038,205.7808,30.01322
2023-12-01,4685.0515,70.30369,192.43,306.746,4.02,5087.16551,76.3378,208.9461,31.45231
2024-01-01,4815.61391,70.4774,192.08333,308.417,4.06,5200.60368,76.1118,207.43966,32.04512
2024-02-01,5011.9615,70.65111,191.73667,310.326,4.21,5379.35207,75.83004,205.79149,33.03719
2024-03-01,5170.5725,70.82483,191.39,312.332,4.21,5513.94661,75.52825,204.10008,33.75492
2024-04-01,5112.49273,71.20848,193.18,313.548,4.54,5430.86585,75.64289,205.21001,33.14159
2024-05-01,5235.22545,71.59214,194.97,314.069,4.48,5552.01619,75.92428,206.7679,33.77363
2024-06-01,5415.14053,71.9758,196.76,314.175,4.31,5740.8806,76.3054,208.59582,34.81055
2024-07-01,5538.00455,72.45053,197.93,314.54,4.25,5864.32232,76.71956,209.5927,35.44355
2024-08-01,5478.21455,72.92527,199.1,314.796,3.87,5796.29176,77.15947,210.66019,34.91963
2024-09-01,5621.2605,73.4,200.27,315.301,3.72,5938.11727,77.53738,211.55873,35.66018
2024-10-01,5792.31957,73.87742,203.57,315.664,4.1,6111.78214,77.95196,214.79745,36.58721
2024-11-01,5929.916,74.35484,206.87,315.493,4.36,6260.35874,78.49824,218.39777,37.3502
2024-12-01,6010.90857,74.83225,210.17,315.605,4.39,6343.61261,78.97422,221.80292,37.71119
2025-01-01,5979.5155,75.26994,212.34333,317.671,4.63,6269.44119,78.91951,222.63912,37.12922
2025-02-01,6038.69,75.70762,214.51667,319.082,4.45,6303.48664,79.0274,223.92323,37.18718
2025-03-01,5683.98333,76.1453,216.69,319.799,4.28,5919.92359,79.30607,225.68473,34.78475
2025-04-01,5369.49571,76.54687,218.63667,320.795,4.28,5575.01854,79.47678,227.0052,32.62127
2025-05-01,5810.91952,76.94843,220.58333,321.465,4.42,6020.76356,79.7272,228.54904,35.0767
2025-06-01,6029.9515,77.35,222.53,322.561,4.38,6226.47672,79.87095,229.78259,36.11109
2025-07-01,6296.49818,77.72667,226.77,323.048,4.39,6491.90913,80.1389,233.80778,37.47425
2025-08-01,6408.94952,78.10333,231.01,323.976,4.26,6588.9228,80.2966,237.49712,37.84615
2025-09-01,6584.0181,78.48,235.25,324.8,4.12,6751.73521,80.47915,241.24261,38.58039
2025-10-01,6735.69174,78.82667,237.04467,325.212,4.06,6898.52191,80.73224,242.77504,39.20569
2025-11-01,6740.88579,79.17333,238.83933,324.122,4.09,6927.05866,81.35998,245.43571,39.14957
2025-12-01,6853.02545,79.52,240.634,324.054,4.14,7043.77322,81.73337,247.33183,39.58164
2026-01-01,6929.122,79.80177,247.66367,325.252,4.21,7095.75544,81.72086,253.61955,39.64082
2026-02-01,6893.80632,80.08353,254.69333,326.785,4.13,7026.47282,81.62469,259.59473,39.014
2026-03-01,6654.41909,80.3653,261.723,330.213,4.25,6712.06864,81.06153,263.9904,37.03161
2026-04-01,6957.00762,80.5867,0.0,333.02,4.32,6958.13049,80.59971,0.0,38.13828
2026-05-01,7412.5515,80.8081,0.0,335.123,4.48,7367.22435,80.31397,0.0,40.26578
2026-06-01,7450.03286,81.0295,0.0,333.952,4.47,7430.44025,80.8164,0.0,40.49374
2026-07-01,7481.33909,0.0,0.0,333.3665,4.6,7474.76926,0.0,0.0,40.61542
2026-08-01,7600.5,0.0,0.0,333.07375,4.75,7600.5,0.0,0.0,41.17762
